# Corpos de antecedente consertados a mao (SPEC T765). Lido por research/bg_body.ps1,
# que so cai aqui para o item listado - os outros saem do livro direto.
# Motivo por item: coluna embaralhada, tabela no meio do corpo ou barra lateral cravada
# dentro do texto - nenhuma regra generica arruma isso sem comer texto bom (README 12).
# <item do picker><TAB><corpo, \n = quebra de paragrafo>
Domain	Domain is physical territory (usually within the chronicle’s central city) to which your character controls access for the purpose of feeding. Some Kindred refer to their domain as hunting grounds, and most jealously guard their domains, even invoking the Tradition of the same name to protect their claims. As part of this Background, the character’s claim to the domain is recognized by the Prince or some other Kindred authority in the city where it is located.\nThe Kindred who claims the domain can’t keep the living inhabitants from going about their business, nor does she exercise any direct influence over them, but she can keep watch herself and mind their comings and goings. She can also have Allies or Retainers specifically look for unfamiliar vampires and alert her when they find some.\nDomain refers specifically to the geography (in most cases a neighborhood or street) and properties on it, as opposed to the people who may dwell there (which is the emphasis of Herd). Domain plays an important part in Kindred society — vampires who lack significant Domain seldom earn respect — but it isn’t an automatic entitlement to status among the Damned.\nYou may designate one or more dots in Domain to increase the security of your character’s territory rather than its size. Each dot so assigned to security provides a +1 difficulty penalty to efforts to intrude into the domain by anyone your character hasn’t specifically allowed in, and a -1 difficulty bonus to efforts by your character to identify and track intruders in the domain. A Domain of one dot’s size and two dots’ security, for instance, is small but quite resistant to intrusion, as opposed to a Domain rating of three dots’ size with no extraordinary security.\nEach level of Domain reduces the difficulty of hunting checks by one for your character and those whom the character allows in. It also adds to your starting (not maximum) blood pool. If you use the domain security option, each dot of domain security raises the difficulty of hunting checks by one for uninvited vampires. See p. 259 for more information on hunting.\nDomain (both size and security) can be used with pooled Background points.\n• A single small building, such as a single-family home or a social establishment — enough for a basic haven.\n•• A church, factory, warehouse, mid-rise, or other large structure — a location with ready but easily controllable access to the outside world.\n••• A high-rise, city block, or an important intersection — a location or area that offers areas for concealment as well as controlled access.\n•••• A sewer subsection, a network of service tunnels, the enclave of homes on a hill overlooking the city — a place with inherently protective features, such as an isolated mountain road, bridge-only access, or vigilant private security force.\n••••• An entire neighborhood, an ethnic subdivision like "Chinatown" or "Little Italy," or a whole suburb.\nAs noted previously, characters in a coterie can share their domain resources for better results. Six to eight dots secure all of a small town or a distinct city region as a domain. Ten to 15 dots secure an important but not geographically huge city sector, such as "the docks," or "Highland Park." A large city itself might be a hundred-plus Domain points, as with Atlanta, Dallas, Geneva, or Baghdad. A city such as New York, London, Paris, Rome, Sao Paolo, or Shanghai would require many hundreds of Domain points.
Rituals	This Background is for Sabbat characters only.\nYou know the ritae and rituals of the Sabbat, and you can enact many of them. This Background is vital to being a Pack Priest — without this Background, ritae will not function. This Background is actually a supernatural investment, drawing on the magic of the eldest Tzimisce sorcerers. Sabbat vampires who are not their pack’s priests should have an outstanding reason for acquiring this Background, as Pack Priests are loath to share their secrets with more secular members of the Sect. Some example rituals include the Vaulderie (p. 288), as well as those presented in the Appendix (p. 507).\n• You know a few of the auctoritas ritae (your choice).\n•• You know some of the auctoritas ritae (your choice) and a few ignoblis ritae (your choice).\n••• You know all of the auctoritas ritae and some ignoblis ritae (your choice). Also, you may create your own ignoblis ritae, given enough time (consult your Storyteller for development time and game effects).\n•••• You know all the auctoritas ritae and many ignoblis ritae (your choice). You may create your own ignoblis ritae, given enough time (consult your Storyteller for development time and game effects). You are also familiar with the functions of numerous regional and pack-specific ignoblis ritae, even if you cannot perform them.\n••••• You know all the auctoritas ritae and dozens of ignoblis ritae (your choice). You may create your own ignoblis ritae, given enough time (consult your Storyteller for development time and game effects). You are also familiar with the functions of almost all regional and pack-specific ignoblis ritae, even if you cannot perform them; if it’s been written down or passed around in lore, you’ve heard of it.
Armory	A hunter with Firearms can perform simple tasks with weapons, such as cleaning a gun, but without a stocked armory, it’s difficult to keep weapons in fire-ready condition. Your hunter has managed to amass a functional armory along with the ability to maintain all of the weapons within it. Each level of the Armory Background yields access to more potent weapons along with the resources to properly maintain and clean them, and proper ammunition.\nThe scope of this Background varies a bit by region, as weapons-control laws that exist in various locations around the world differ. What an American can buy in a department store, for example, might be the sole domain of the military in Romania, and players who wish to invest dots in Armory should consult with their Storytellers to determine the specifics of how it will work in the chronicle’s locality. The Storyteller may require you to invest a few points in another Background (such as certain types of Influence or legal or military allies) to prevent the Armory’s confiscation by the authorities. An Armory can vanish in a fraction of the time it took to amass it, particularly if its curator is prone to rants about blood-sucking monsters and corruption that goes all the way to the top.\nFor more details on specific weapons, including game mechanics, see V20, pp. 280-281.\nPlayers may opt to pool Background points for a shared Armory. See pp. 118-119 of V20 for more information on pooled Backgrounds.\n• You have an excellent starter armory that includes many legal weapons commonly available on the street. This level also provides access to a quantity of extra weapons, as relevant to the regional culture.\n•• You have access to enough legal weaponry to outfit a street gang of 10 men.\n••• You could start your own small militia. In addition, you can outfit five individuals with weaponry that exists in a legal gray area for the region, which most civilians would have a difficult time obtaining.\n•••• You have an armory appropriate to a SWAT team in a major city, including some military-grade hardware. You have enough gear to outfit a 10-man team with such advanced weaponry, which is a cut above that provided by the lesser levels of this Background. Be careful where you use it, because without other appropriate Backgrounds, you may find yourself under official scrutiny for possessing weaponry that exists outside the realm of the strictly legal.\n••••• Your armory is the envy of paramilitary forces around the world. You have the tools to clean and repair almost any personal weapon manufactured in the world. You have access to a significant quantity of weapons that are illegal in most countries, and enough of them to field your own platoon. If this armory were discovered by authorities, your hunter would be in serious danger of going to jail for a long time — assuming there’s no armed standoff that threatens him more immediately.
Base of Operations	A base of operations is a secure location controlled and owned by your hunter. This place is a headquarters in which your hunter can rest, train, and plan his next attacks. A hunter’s base could be as simple as an unfurnished apartment, as grand as a senator’s mansion, or as complex as a military base.\nPlayers who elect to purchase this Background must divide their points among three different categories, described below. Also, the purchase of this Background may be pooled as per the Background pooling systems on pages 118-119 of V20.\nLuxury\nLuxury is a measure of the quality of appointments inside the base. The level of Luxury ranges from spare to opulent, corresponding closely to a Resources Background of equal value (see pp. 115-116 of V20).\n• You bought your furniture at a thrift store or other low-cost vendor.\n•• Your base has been decorated and outfitted modestly. You have the basics expected of modern First World lifestyles (where appropriate).\n••• Your base is one of relative comfort, with a host of amenities.\n•••• Your base offers a luxurious respite from the horrible reality of killing vampires, and it is unique in both design and appearance.\n••••• Your base exhibits a degree of ostentation that only the extremely wealthy or celebrities usually enjoy.\nSize\nSize represents the volume of the base of operations and the amount of space that it comprises. While the following breakdown gives suggested sizes and room counts, players are encouraged to be creative if they so wish — imagine an open temple layout of no true "rooms," or a converted service hallway that’s long and narrow but has multiple access points to various locations inside the city center.\n• A small apartment or underground chamber: 1 to 2 rooms.\n•• A large apartment or small family home; 3 to 4 rooms.\n••• A warehouse, church, or large home; 5 to 8 rooms, or a large enclosure.\n•••• A mansion or network of tunnels; 9-15 rooms or chambers.\n••••• A sprawling estate or vast network of subway tunnels; 20+ rooms.\nSecurity\nSecurity represents how tough it is to break into the base. Each dot of Security adds one to the difficulty of any roll made to penetrate the base or adds one to the number of successes required to gain access. (Players and Storytellers should agree on this function before the story begins.)\n• You have locks on the doors to the base, but not much else.\n•• The doors have deadbolts, and the windows have strong bars, or you may have a dog that barks to warn you when someone comes too close to the base. Your HQ is relatively secure from ordinary threats.\n••• The base is secure but not impenetrable, relying on a modern set of locks, physical protection such as bars over the windows, electronic security measures such as alarm systems, and standard electronic monitoring such as security cameras.\n•••• Your base is protected by all of the security features for the previous level and then some. On par with restricted governmental buildings or even prisons, your base of operations has reinforced walls, sectionalized access throttles, and perhaps even several panic rooms or hidden chambers. You have invested a considerable about of time and effort to keep people out of your base.\n••••• Your base is protected by all of the security features offered by the previous levels. Additionally, it is protected by one or more unique features, such as a remote location, a geographical boundary like a waterfall or mountain pass, and/or possible occult protections, like being visible only by moonlight. (Players and Storytellers should come to an agreement on the nature of such daunting and one-of-a-kind protections.)
Totem (Werewolf)	Totem is a Background that applies directly to the character’s pack, rather than the individual. Unlike other pooled Backgrounds, the pack spends all of the points that members have invested in this Trait to determine their totem’s power.\nEach totem has a Background cost rating; the pack must spend that amount to ally with that totem. Some totems are willing to lend great powers to their adherents; their point costs are correspondingly greater. See Pack Totems (p. 373) for a list of possible totems. In addition to their Totem bonuses, all beginning totems have a base of eight points to divide among Rage, Willpower, and Gnosis. The totem also begins with the Airt Sense and Re-form Charms. Apart from bestowing power, totems start out somewhat aloof from the pack, and they have little influence among spirits, unless the players buy a closer connection with Background points. With time, roleplaying, and experience points, pack totems can grow in power as their pack grows in Rank and influence. Some totems can even become the totems of whole septs or — in legendary circumstances — even tribes.\nMost of the powers that totems bestow are available to only one pack member at a time. At the end of each turn, the Garou with the power declares who the power may be given to next turn (assuming that she doesn’t keep it). After spending the initial cost of the totem, the players can spend any remaining Background points to add to the totem’s strength and abilities.\nCost Power\n1 Per three points to spend on Willpower, Rage, or Gnosis\n1 Totem can speak to the pack without the benefit of the Gift: Spirit Speech.\n1 Totem can always find the pack members.\n2 Totem is nearly always with the pack members.\n2 Totem is respected by other spirits.\n2 Per charm possessed\n3 Per extra pack member who can use the totem’s powers in the same turn\n4 Totem is connected mystically to all pack members, allowing communication among them even at great distances.\n5 Totem is feared by agents of the Wyrm. Either minions of the Wyrm flee from the pack, or they do their best to kill the pack.\nThe listed cost is in Background points, which can be bought through experience (see Spending Experience Points, p. 244) at the rate of two experience points per Background point. (Therefore, three points of Rage would cost two experience points.) The Storyteller should allow increases in totem powers only when it fits in to the story, such as when pack members gain a higher rank, a new member joins the pack, or when pack members gain new insight into the nature of their totem. When the totem is affiliated with a more powerful spirit, the greater spirit might grant the strengthening of its servant (pack totem) in return for a great service done it by the pack.
Avatar	Awakening defines the mage. Whether she refers to it as some mystic inner god or the scientifically explainable Enlightenment of higher consciousness, the Avatar or Genius allows a willworker to do the things she does. Some Avatars, though, are more potent and effective than others. This Trait measures your Awakened self, reflects its ability to shift and hold Quintessence, and determines how real it is in your character’s perceptions.\nEvery mage character has an Avatar of some kind; unless you purchase at least one dot in this Trait, however, your ability to actually do much with your magick is extremely limited. Although your magick-casting rolls are based on Arete, not the Avatar, your character won’t be able to use Quintessence to aid her spells. A mage’s ability to absorb or employ Quintessence is based on the Avatar Trait. (See the Quintessence Trait entry, pp.331-333.) Her higher self, too, is weak – more of an ember than a bonfire. A high Avatar/ Genius rating, though, reflects a higher self whose distinct personality seems very real to the mage in question.\nX An ephemeral Avatar hardly capable of magick.\n• A notable presence that lets you absorb or expend one point of Quintessence.\n•• A dynamic presence that lets you absorb or expend two points of Quintessence.\n••• A discernable entity that lets you absorb or expend three points of Quintessence.\n•••• A potent spirit that lets you absorb or expend four points of Quintessence.\n••••• A powerful force of Enlightenment that lets you absorb or expend five points of Quintessence.
Backup	You can call in the cavalry and expect help when needed… in a limited capacity, anyhow. Thanks to your membership in some organization, you’re able to request Backup and have a small team of useful folks swoop in and take care of business. Unlike Allies, these people are largely faceless, have limited skills, and are more or less expendable. Essentially, they come in to handle simple tasks, then disperse back to the organization to which you all belong.\nBackup characters come from a large pool of skilled but unAwakened personnel. Their relationship to the player characters is pretty much a matter of convenience, with no special loyalty attached. Though they might risk their lives on the mage’s behalf, the help’s not personal. These folks are just doing their job.\nBackup tends to arrive as a pack of gun-wielding grunts who rush in to cover a mage’s escape. Any major tasks (or sacrifices) are the mage’s responsibility – the backup’s not there to handle much heavy lifting. In other situations, the Background can represent other types of support personnel: receptionists, students, roadies, drivers, medics, even prostitutes. A King or Queen of the Jungle might be able to holler for assistance and attract an appropriate group of animals, assuming that character has a story-based reason for such loyalty. The type of aid will depend on the organization, the situation, and the mage’s role within that group. An Ecstatic rock star could call in hookers and roadies, whereas a Black Suit might bring in cops, reporters, or a cleanup crew. And though it’s easy to dismiss the importance of students, receptionists, or bloggers, it’s also worth remembering that society at large depends more upon information than upon violence. One eloquent reporter can do more, in the grand scheme of things, than a dozen dudes with guns.\nTypical Backup personnel have Traits in the 1-3 range, with one or two notable Skills. Animals are small (birds, rats, bats, domestic dogs or cats, etc.), and spirits are minor single-purpose entities (fetch spirits, breeze elementals, and so forth). More elite Backup agents – mercenaries, ninja, cyborgs, minor spirits, or large predatory animals, for example – cost twice as much as typical agents but have Traits in the 3-5 range, unusual abilities, or serious combat potential. Essentially, these elite “temp” agents become Allies for the course of a single mission and then disappear back to wherever it is they came from.\nIn order to get this Background, a character must be part of a larger organization – a gang, the police, an armed services division, the Technocracy, and so forth. Whatever his connection to that group might be, the mage needs to fulfill occasional duties on behalf of the group that sends assistance. If he doesn’t keep his end of the bargain, if his Backup tends to suffer heavy casualties, or if he otherwise abuses the agents and their group, this Background may be reduced or withdrawn.\nSample Backup teams, and the types of mages they support, include:\n• All: Students, drivers, receptionists, couriers, lab techs, political activists, merchants, manual laborers, EMTs, cult members, thugs.\n• Agents of Authority: Cops and detectives, military personnel, reporters, EMTs, cleanup crews.\n• Celebrities: Fans, roadies, personal assistants, photographers, road-crew, journalists, makeup artists.\n• Clergy: Acolytes, lesser and lay clergy, healers, devotees of your religion.\n• Cyborgs: Mechanics, technicians, soldiers, cybernetic “temps”.\n• Feral folk: Animals, healers, medicine people, tribal elders, natives of the appropriate region.\n• Gangsters and Vigilantes: Gang members, hookers, allied cops, street people, junkies, journalists, petty crooks.\n• Hackers: Technicians, bloggers, hacker “temps,” political activists, anarchists, transhumanists, IT specialists.\n• Martial artists: Healers, philosophers, martial arts students, “temp” fighters, devotees of your spiritual path.\n• Ritual magicians: Occultists, cultists, acolytes, academics, fearful assistants, aspiring apprentices, minor imps, or spirit “temps.”\n• Scholars: Research assistants, librarians, bloggers, academics, former students, grad students.\n• Scientists: Techs, research aides, robots, misshapen or enhanced assistant “temps.”\n• Shamans: Devotees, minor spirits, animals, activists, or armed defenders of your culture.\n• Spies and Assassins: Informants, gang members, sleeper agents, cleanup crews.\n• Subculturists: Artists, neotribalists, musicians, healers, bloggers, psychoactive specialists, badasses from your subculture.\n• Tycoons: Corporate subordinates, flunkies, toadies, office personnel, journalists, security guards.\n• Witches: Animals, devotees, New Agers, Pagan activists, healers, minor spirits.\nThis Background may go higher than five dots – see (p. 301). For sample Backup characters and animals, see Appendix I, (pp. 618-639).\nX You’re on your own, kid!\n• Two typical agents.\n•• Four basic agents or two skilled “temps.”\n••• Six agents.\n•••• Eight agents or four “temps.”\n••••• 10 agents.\n••••• • 12 agents or six “temps.”\n••••• •• 14 agents.\n••••• ••• 16 agents or eight “temps.”\n••••• •••• 18 agents.\n••••• ••••• 20 agents, or 10 “temps.”
Familiar	Animal allies remain an integral part of the classical mage’s mystique. Who hasn’t heard of the witch’s cat, the telepathic steed, the wolf-brother, or the lab-assistant made of spare parts and ingenuity? Tradition calls such entities familiars, and most of the Nine Traditions tend to use that name as well. Other groups, as usual, employ their own names: assistants, brothers, soul-beasts, spirit animals, and so forth.\nAlthough the Technocracy does not officially acknowledge such deviation from protocol in its ranks, certain Technocrats – especially among the Progenitors, the New World Order, and Iteration X – have been known to employ Companions: cybernetically enhanced critters, bioengineered experiments, clones, and so on. Lab animals have their intelligence and capabilities boosted with the wonders of hyperscience, and vat-grown humans with perfect skin and dazzling features stock the offices and bordellos of Syndicate bosses. Out on the murky fringes where protocol becomes a stern suggestion, Void Engineers work alongside friendly(?) aliens and technologically modified Earth creatures. These Companions, of course, are nothing like those superstitionist familiars – such comparisons would be tantamount to treason! And yet, it’s funny how much Companions and Familiars have in common. In game terms, of course, they’re pretty much the same thing. Technocrats define their bonding ceremonies and feeding procedures differently, but the Background Trait works the same way for both definitions.\nA Familiar/ Companion’s primary role involves companionship. Mages lead strange lives that often remove them from normal human interactions, and just as people crave pets of various species, mages crave the company of entities that understand those strange lives they lead. It might seem weird to staff your lab with hyperintelligent mice (and downright crazy to fill it with hyperintelligent apes!), but when weirdness defines your daily life, those companions seem perfectly appropriate. With very few exceptions, these creatures have at least a human level of intelligence, enigmatic levels of perception and arcane wisdom, and at least one or two physical abilities beyond what you might expect from a normal animal or person.\nWhat type of Familiar or Companion do you have? That depends on your approach to life and magick. Common Familiars/ Companions for various mage types include:\n• Charismatic megafauna: Wolves, bears, alligators, eagles, hawks, apes, big cats, oxen, bison, horses, stags, reindeer, etc. (Shamans, nature witches, martial artists, clergy, wizards, and so forth.)\n• Small but capable animals: Mice, rats, domestic cats and dogs, rabbits and hares, ravens, owls, foxes, pigeons, parrots, monkeys, snakes, etc. (Urban or rural witches, street folks, suburban mystics, mad scientists, academics, saints, and so on.)\n• Attack Beasts: Large dogs, domesticated big cats, raptors, serpents, spiders, etc. (Witches, Black Suits, agents of authority, military personnel, war mages, etc.)\n• Machines: Robots, androids, and other mechanical assistants. (Various types of technomancer.)\n• Servitors: Clones; weird servants; incredibly strong, attractive, or capable “people” who seem unusually obedient and a bit more, yet less, than human. (Executives, celebrities, criminals, mad scientists, urban witches, seers, cult leaders, decadent tempters, Infernalists, etc.)\n• Dead Things: Zombies, animated skeletons, disembodied yet “living” body parts – heads, hands, etc. (Necromancers, wizards, cult leaders, gutter kids, and other dark- side mages.)\n• Constructs: Golems, cyborgs, technologically augmented animals, monsters stitched together from previously dead bodies, etc. (Mad scientists and other technomancers; old-school ritual magicians make them out of clay, stone, and so forth.)\n• Hybrid Beings: Mermaids, centaurs, satyrs, unicorns, and so on. (They’re attracted to high-mythic mystics, wizards, nature witches, mad scientists, Marauders, etc.)\n• Aliens: Greys, Bug-Eyed Monsters, Horrors From Beyond Space and Time. (Void Engineers, Etherites, mad scientists, crazed cultists, lone geek weirdoes, Black Suits, etc.)\n• Imps: Little devils, demonic beasties, scary little critters, etc. (Infernalists, wizards, scary witches, cult leaders, etc.)\n• Spirit Servitors: Elementals, invisible servants, minor ghosts, nature spirits, epiphlings, etc. (Shamans of all types, seers, wizards, witches, etc.)\n• Data Beasts: Incarnated programs on the Digital Web. (Internet-based technomancers of all kinds.)\nWhatever form your associate takes, the Familiar/ Companion has a mind and consciousness of its own, with agendas and desires you might assume but never truly know. There’s always something vaguely alien about them, and not even the greatest Mind-based Arts can completely penetrate the thought process of such entities.\nIn game terms, this Background – like Allies and Mentor – reflects a character affiliated with the player and yet created and run by the Storyteller. Beyond companionship, that character confers several other benefits onto his mage:\n• Advice: The Familiar/ Companion has access to certain types of information and can lend insights to his associated mage. Generally, this works as a handful of Knowledges – Cosmology, Enigmas, Occult, and possibly some others – from which the Familiar/ Companion can offer suggestions to his mage. The dice pool for that Trait equals one die for each dot in the Background. Say, for example, that Spider Chase has a Familiar 3 blue tarantula. Spider needs some advice about a riddle, the Storyteller rolls three dice, and the tarantula spins some advice into a web.\n• Empathy: The mage and her Companion share an emotional bond and each can sense what the other is feeling. In order to conceal those feelings, a character must make a successful Manipulation + Subterfuge roll, using the other character’s Willpower as the difficulty. Even then, the other partner will realize that the character’s trying to hide something.\n• The Feast of Nettles/ Paradox Nullification: When an impending Paradox backlash threatens the Companion’s mage, or when that mage absorbs dangerous amounts of Paradox energies, the Familiar can absorb a certain amount of those energies. So long as the Companion stays close to his mage, usually within 10 yards (30 feet) or so, he can bleed off a few points from a mage’s Paradox trait or consume a pending backlash. The Familiar can hold up to five points of Paradox for each dot in the Background; Spider’s spider, then, could retain up to 15 points of Paradox. The Familiar nullifies those points at a rate of one point per week. If Paradox exceeds the familiar’s capacity – say, 15 Paradox for Spider’s spider – then the whole amount of Paradox explodes in a horrific backlash that affects both the mage and the Familiar equally. See Physical Backlash, a.k.a.“the Burn” under The Paradox Effect in Chapter Ten, (p. 551). By the way, Familiars don’t enjoy this sort of thing at all, and they may get fed up (so to speak) with a mage who makes them “eat nettles” very often. A Familiar gets quite cranky when he’s stuffed with Paradox, and he may break the bond or otherwise act up if his mage keeps using him like a Paradox battery.\nQuintessence Feeding: In return for those benefits, the Familiar requires a certain amount of Quintessence or Tass per week. Mystic critters devour magickal energies by suckling on the mage, bathing in her aura, or otherwise sharing physical or metaphysical contact. Technological Companions eat Quintessence-rich snacks (that is, Tass), absorb Quintessence through physical contact (affection, mind-melds, sex, and so on), or get powered up by the mage’s hypertech machines. In game terms, it’s all the same thing: the mage offers Quintessence and the Companion feeds on it. No Quintessence, no Familiar; the disgruntled Companion disappears and the mage loses all of the benefits associated with her Companion.\nFamiliars also crave gifts, favors, affection, and so on. The nature of those offerings depends on the individual Companion and might be weird, arbitrary, or outright horrifying.\nSmart mages are protective of their Familiars… and with good reason. If a Familiar dies, the associated mage automatically loses all benefits of that relationship, plus one point of permanent Willpower plus two points of Quintessence for each level in the Background Trait. If that costs more Quintessence than the mage has to offer, then the additional points of Quintessence become points of Paradox instead. Should someone squash Spider’s tarantula, for example, she’d lose six points of Quintessence; if she has only two points to begin with, then she also gains four points of Paradox. Moral: don’t let anyone squash your Familiar!\nA Familiar/ mage bond begins with an appropriate summoning ceremony. Shamans have vision quests, witches call forth a helpmeet, mad scientists make their Companions through unorthodox technologies, and so forth. Regardless of the specifics, the mage and her Companion agree to share a close bond with one another. So long as both parties survive and honor the terms of that agreement – terms that demand certain commitments and sacrifices from the mage – the bond remains intact.\nThis Background covers a special kind of Companion; other companion critters without the Background’s special properties would count as Allies or a Totem instead. For the game-stats of various beings, see Appendix I, and for an array of familiars and the rules for creating such characters, see the Mage 20 sourcebook Gods, Monsters, and Familiar Strangers.\nX No special pets.\n• Your Companion has access to a few scattered bits of helpful information. (Requires one Quintessence point per week and can absorb up to five points of Paradox.)\n•• You’ve got a pretty cool Companion. (Requires two Quintessence points per week and can absorb up to 10 points of Paradox.)\n••• A magnificent Companion shares its wisdom and loyalty with you. (Three Quintessence points per week and up to 15 points of Paradox.)\n•••• You’re favored with the presence (if not always the good behavior) of a smart and miraculous creature. (Four Quintessence points per week with up to 20 points of Paradox.)\n••••• Your Familiar probably knows more than you do, can be quite demanding, and has a very outspoken personality. (Five Quintessence points per week, may retain up to 25 points of Paradox, and will give you lots of shit about both.)
Enhancement	Enlightened hypertech can accomplish incredible things, few of them more staggering (or, to some mages, unholy) than the modification of living tissue with the power of machines. Such enhancements improve upon (or desecrate) Nature’s work, creating more-or-less permanent mutations – cybernetic limbs or genegineered biomods that give the subject powers far beyond normal abilities.\nAn Enhanced character has one of three options:\n• A cyborg has biomechanical devices integrated into her body: Primium bones, extendable claws, infra-red scanners, and so on. The Background rating gives that character a certain amount of cybernetic Enhancement Devices, at the cost of permanent Paradox points.\n• A biomodifed (or biomodded) person has permanent organic modifications grafted, grown, or otherwise implanted into his body. The Background rating acts like cybernetics, with permanent Paradox but a few benefits over mechanical modification.\n• A genegineered being has certain physical enhancements that make him stronger, faster, tougher, smarter, more perceptive, or better-looking than a typical specimen of that species. The Background rating boosts the related Attributes above their normal maximums, at the cost of permanent genetic flaws.\nThose three options cannot be combined. A single character may have only one, not all three. Each option has certain rules and limitations:\n• Cybernetics: These devices turn you into a Paradox magnet. In game terms, you’ve got permanent Paradox points added to your Paradox Wheel; these points never go away, and any additional Paradox you earn gets added to those permanent points. Thus, Paradox backlashes can get very ugly. Cyber-implants are essentially machines keyed to your body. Cyborgs who annoy their inventors have their implants removed, which tends to be a terminal process. Such entities are also walking investments for their creators, who keep very close watch on the behavior and location of those human resources. The lessons of Frankenstein are not lost on people who build cyborgs, and they often install failsafes in order to cut down on such unfortunate events. If nothing else, they’ll often go to ridiculous lengths to retrieve an errant cyborg… or to destroy her. As for the effects of Life-based magick on cybernetic humanoids… well, it’s not pretty. Such witcheries cause organic tissue to reject the mechanical devices. Life spells inflict two additional levels of aggravated damage on cyborgs if they get past the cyborg’s countermagick. As a protection, Technocracy cyborgs get outfitted with Primium Countermeasures, which are described under Biotech in Appendix II, (p. 659). Cyborgs from non-Technocratic sects, however, are kinda screwed.\n• Biomods: This form of genetic or flesh-crafting mutation essentially installs permanent modifications to the character’s body. Unlike mechanical cybernetics, these mods cannot be uninstalled or rejected from the body. (They can, of course, be cut off or surgically removed.) The extra Life Sphere damage, then, does not apply to biomods, although the permanent Paradox points still apply to obvious biomods. Like genegineering enhancements, biomods also make the character take one Genetic Flaw per level in the Background Trait.\n• Genegineering: Unlike mechanical enhancements, genegineering isn’t usually obvious. Unless a genemodded bioconstruct lifts a car or bounces bullets off his chest, he can typically pass for a normal human being. Even so, the imperfect understanding of organic tissue – or simply the hubris of people who would master it – leaves its own legacy: madness, illness, and so forth, represented in the rules by the Genetic Flaw Traits, described in Appendix II, (pp. 648 and 651).\nThe following Attributes – and no others! – may be boosted by Enhancements: Strength, Dexterity, Stamina, Appearance, Perception, Intelligence and Health. These added Trait dots can raise a character’s normal Traits as high as 8 and may be divided between several different Attributes… for example, three to Strength and two to Stamina.\nThanks to its powerful effects and unusual properties, the Enhancements Trait is more expensive than usual. This Background costs TWO points per dot, instead of the usual one point. These modifications are essentially built-in Devices, so this Background cannot be shared, requisitioned or pooled. It can be raised with experience points, provided there’s another character around who knows how to work with the associated technologies. We do not recommend allowing player characters to purchase this Background higher than the maximum rating of 5. Certain powerful supporting-cast characters might have more extensive modifications, but such extreme Enhancements should be off-limits to your players.\nTypically, the Enhancements Background applies only to Technocrat characters. With the Storyteller’s approval, however, other tech-based characters (Etherites, Virtual Adepts, cyberpagans, etc.) may get such mods as well. There’s one caveat, however: The Union has spent decades perfecting these technologies, while individual mad scientists have flown by the seat of their pants. It is utterly appropriate to make non-Technocrat characters take additional Flaws or suffer other game-based penalties based on their Enhancements.\nFor details about Enhancements and their related Flaws, again see the Biotech and Genetic Flaws sections in Appendix II, (pp. 648-651) and (pp. 657-661).\nX No special modifications.\n• +1 Attribute dot, or 3 points for Devices. One Paradox point or Genetic Flaw.\n•• +2 Attribute dots, or 6 points for Devices. Two Paradox points or Genetic Flaws.\n••• +3 Attribute dots, or 9 points for Devices. Three Paradox points or Genetic Flaws.\n•••• +4 Attribute dots, or 12 points for Devices. Four Paradox points or Genetic Flaws.\n••••• +5 Attribute dots, or 15 points for Devices. Five Paradox points or Genetic Flaws.
Sanctum	You have a place where you can get away from it all – said “all” being the consensual reality that hinders your Arts and Enlightened Sciences. Oh, this place still exists on the Earthly plane, and it’s subject to the Paradox Effect. Still, your Lab or Sanctum is a place of power and privacy, set to fulfill your needs and allow you to hone your skills in relative safety.\nA Sanctum can range from a small herb-garden with wards set against intruders and trees planted to screen the place off from casual viewing to small laboratories filled with gleaming scientific gear. Martial-arts studios, yoga lofts, sacred groves, basement dens, band practice spaces, penthouse suites, photography studios, tiny shrines on remote mountaintops – the Sanctum or Lab is whatever you want it to be. Essentially, a mage or group secures the place, dedicates it to reflect their needs and wishes, and sets the reality of that space to suit the owners’ purposes. A Progenitor lab might gleam under sterile lights, polished surfaces of steel and glass ready to advance the call of Science. A ritual clearing might nestle in amongst thick forests, old runes cut into trees and stones artfully arranged to emphasize the mystic nature of the place. You might have a blood-spattered basement with chairs of human bones; a ‘70s-style seduction pad; a bookstore that’s open only at night; a hobbit-hole straight out of a Peter Jackson Tolkien flick – whatever suits your fancy (and your available resources) is within the grasp of this Background Trait.\nIn game terms, this Trait provides several benefits:\n• A relatively private space to conduct experiments, meditate, practice your arts, and so on. Again, this privacy is relative; Technocratic operatives rarely have such places to themselves. Unless a group or individual is extremely wealthy and connected, a Technocratic Laboratory is actually owned and managed by the Union, not by the operatives themselves. Thus, your superiors have their eyes on you even within your sanctuary, and its privacy is more of a courtesy than an absolute.\n• A stock of materials you can use – herbs, cauldrons, diagrams, elaborate glyphs carved into the floors, martial arts practice weapons, chemistry arrays, telescopes, microscopes, whatever. This stock depends upon the Background rating and allows you constant access to whatever it is (within reason) that you need.\n• A Sanctum’s specially prepared ritual space (or a Lab’s experimental space) reduces the difficulty of rituals or experiments performed in that area. That reduction depends on the Background trait’s rating, as shown below.\n• A cloaking effect safeguards the place’s location. Essentially, the Sanctum/ Laboratory has an Arcane/ Cloaking rating based on the place’s Background rating. You could consider this effect a result of protection wards, concealment fields, an aura of ordinariness… that sort of thing. As long as they stay within the protected area, characters enjoy the protection of this Arcane effect too. (A character who already has the Arcane/ Cloaking Background gets whichever Arcane rating is highest – the rating of the Sanctum or the rating of her Arcane rating – not a combination of both.)\n• All Effects cast within the Sanctum are considered coincidental magick, so long as those Effects follow the definition of reality within that sanctuary. Cloning would be coincidental within an Iteration X or Progenitor lab; spirit-summoning would be coincidental on a shaman’s sacred ground; a witch could conjure imps or heal gaping wounds within his Sanctum; but the Black Suit busting down the door would find himself at a distinct disadvantage there because…\n• The Effects of rival mages are considered vulgar in your space. That Man in Black’s procedures go against the prevailing reality within that witch’s sanctuary, whereas the witch’s spells run counter to the established reality of a NWO Construct. Rivals who use the same style of magick would be considered equally at home in a Sanctum – two Verbenae, for example, who hate each other’s guts but who employ the same paradigms and tools would both be considered coincidental within the same sanctum; an Etherite, however, would find that her weird science is vulgar within that witch’s sacred ground, even if she was allied with one of the rival Verbenae.\n• Mystic Sanctums have an additional benefit over technological Laboratories: the Gauntlet rating is one level lower in a place that’s been dedicated to magick than it is in a similar place than has not been so dedicated. The Gauntlet in a technomagickal Laboratory, on the other hand – like those used by the Society of Ether or Virtual Adepts – is one level higher than it would be otherwise. And a Technocracy Laboratory has a Gauntlet rating of 9 except with regards to Dimensional Science procedures, whose Effects are considered coincidental in an appropriate Technocratic Lab.\nBecause of these many benefits, a Sanctum costs TWO Background dots for each dot in the Sanctum. Like the Enhancements Background, it offers an unusual amount of value per dot. If you’re allowed to purchase Backgrounds with experience points, Sanctum costs double the usual Background price.\nRegardless of its nature, this space must be specially prepared by the group or mage who uses it, with constant maintenance (no less than once per month) to keep the space attuned to the people who use it. A Sanctum can be no larger than 500 square feet, and most of them are much smaller than that… typically a room or two. Because this is personal space, it’s often wise to limit the people coming and going throughout your Sanctum. Too much traffic can render a Sanctuary mundane, as far as reality’s Consensus is concerned.\nX No special space.\n• A tiny stock of goods; no reduction of ritual difficulties, though your magick is coincidental here. One dot in Arcane.\n•• Small stock of goods; ritual difficulties reduced by 1. Two dots in Arcane.\n••• Decent stock of goods; ritual difficulties reduced by 1. Three dots in Arcane.\n•••• Fine stock of materials; ritual difficulties reduced by 2. Four dots in Arcane.\n••••• Excellent stock of materials; ritual difficulties reduced by 2. Five dots in Arcane.
Totem (Mage)	Long before technology gave us little gods, shamans swore pacts with spirit helpers. Each side of such pacts received something in return: the shaman got aid when necessary, and the spirit got a human ally for Earthly matters. These days, a handful of people remember these pacts. The Totem Background reflects such a bargain on your part. ONLY shamans or medicine workers of some sort can choose this Background Trait.\nTotems, however, are far more than just convenient helpers. Each totem is a powerful spirit archetype – an entity with many forms and faces. Coyote isn’t simply an animal; he’s a mythic trickster, libidinous and clever, though not especially wise. To be one of Coyote’s chosen is to embark on a path of mischief and misbehavior that undermines authority and fractures limitations. A shaman embraced by Coyote becomes an agent of misrule, whose tricks receive aid from Coyote himself.\nTotem spirits aren’t in the business of helping human beings; in fact, these days they’re not often fond of people at all. To obtain a totem’s favor, a person needs to either seek that spirit out in a grueling vision quest or attract that spirit’s attention by embodying the totem’s essence in her daily life. That Coyote-shaman might have been a bit coyote-like in the first place: tricky and shifty with an anti-authoritarian streak a mile wide… If so, she may have had Coyote’s attention all along! Either way, a shaman who wants to bond with her spirit totem will have to journey off into the spirit world (probably while enduring a real-life ordeal) in order to impress that totem with her potential devotion.\nUnlike those wizards who compel obedience from spirits, a totem-bound shaman doesn’t demand a pact. Nor does she worship the spirit as if it were a god. Instead, the shaman becomes kin to the spirit – essentially a cousin, sibling, or child. That said, a shaman/ totem bond can be fractious, argumentative, even insulting. Totems tend to be pretty rough around the edges… and so, for that matter, do most shamans. Both parties understand each other in the cryptic, sometimes blunt manner that families often use… and, like relatives, can speak volumes to each other while hardly saying a word.\nIn story terms, the totem spirit becomes like a combination of Ally and Patron, helping your shaman when it suits that totem’s wishes to do so. As with other allied characters, this spirit has certain things it wants in return. Typically, those desires combine service (“Go hunt down the people who killed my wolf-children”) with a ban (“Do not kill wolves or allow other people to kill them, unless those wolves attack you first”). Both elements depend on the nature of the totem – Cockroach, for instance, won’t have you hunting rabbits or ban you from drinking alcohol. In exchange, the totem instills a bit of its essence – its touch or mark – on its chosen people. A person with a Wolf totem has a fierce yet noble aspect, but one sworn to Cockroach is a tough, if dirty, survivor.\nSystems-wise, each dot in Totem gives you a closer connection to a spirit entity: the higher the rating, the deeper the bond. The Background costs TWO points per dot (like Enhancements and Sanctum) and confers an escalating series of benefits:\n• Communication: A totem can always communicate with its chosen people. Generally, though, this involves omens, dreams, and whispers in your ear. Totems rarely hold conversations with their human kin unless the bond is especially intense (in game terms, Totem 4 or 5). Your totem might get chatty in a dream, but don’t expect that to become a habit. Spirits often expect humans to be stupid… and cryptic communications weed out the dummies. If you can’t figure out what the totem’s saying, after all, why should it bother talking to you at all?\n• Appearance: Your totem shows up, either in a form that only you can see or – at the higher levels – in a spirit-animal manifestation. These manifestations have the approximate traits of the appropriate animals, although a five-dot Totem could be considerably more powerful if the situation demands a powerful appearance.\n• Ability: Each totem spirit has certain famous traits: Fox’s cleverness, Cat’s stealth, Lion’s ferocity, and so forth. As a result, the Totem Background gives you additional dice to add to an Ability that’s related to that spirit’s nature. If you don’t have that Ability to begin with, then you’re clearly not worthy of the totem’s attention! To bond with a totem spirit, you must share something of its nature.\n• Wisdom: Totems teach their special kin how to deal with the spirit worlds. In game terms, this comes through as dots in either Cosmology, Lore (with a specialty in Spirits), or both.\n• Totem Mark: As mentioned above, a totem shares a bit of its nature with the shaman… and the shaman probably displayed a bit of that nature even before the bond. Once the bond becomes official, her behavior and appearance favor the totem’s nature even more. People who work with spirits will be able to spot the totem’s connection to your shaman (“You’ve got the look of Raven about you…”) with a successful Perception + Awareness roll. At the upper levels of this Background, though, even Sleepers notice it; they might not know what it is that they’re seeing, but the shaman feels odd to them. (“Lady, what’s with that coyote-skin head on your backpack… and don’t you EVER comb your hair?”)\nBecause of the differences between human shamans and shamanic werewolves, this Background differs from the Werewolf: The Apocalypse Background of the same name. (It’s also a revision of the Background presented in The Spirit Ways, which resembled the Werewolf one.) As with Backgrounds like Fame, Resources, Status, and so forth, you must maintain your totem bond and keep your spirit-kin happy. Otherwise, you could lose dots in this Trait… possibly losing Totem completely. This Background works well with Allies, Blessing, Familiar, and Legend; it might be tied to certain Merits or Flaws as well. Those Traits, of course, must still be purchased separately.\nAs mentioned above, only shamanic or medicine-working characters may have the Totem Background. Technocrats – being dead to the spirits – cannot ever bond with a totem spirit other than two specific exceptions: The Man and The Machine. Certain spirit-oriented technomancers, however, might bond with tech-oriented totems. Hermetics, Choristers, and other monotheistic, high-ritual types are generally considered too bossy or antagonistic to win a totem spirit’s affection. For a variety of potential spirit guides and their associated characteristics, check out the Totem Spirits section of Appendix I, (pp. 633-636).\nX No totem spirit bond.\n• Your totem appears in dreams and visions and offers one additional die to your normal pool for an Ability (Athletics, Stealth, Survival, etc.) that’s related to the totem spirit’s nature.\n•• The totem speaks to you, offering occasional cryptic advice and omens, plus two dice that can be used for that related Ability.\n••• Your spirit guide appears in your waking life, though only to you and to other folks who can see spirits. The totem gives you advice, sends omens, occasionally manifests a spirit animal for non-combat errands, grants two dice to use on that related Ability, and gives you one dot in Cosmology or Lore.\n•••• A powerful bond allows your totem to manifest in solid form. That spirit offers frequent advice and omens, gives you three dice to use in the appropriate Ability, confers two dots in either Cosmology or Lore, and might help you in a desperate combat situation (as an Ally would) in exchange for a huge favor afterward. Among spirits and spirit-working people, you’re clearly favored by your totem and display obvious signs of that bond in your appearance and behavior.\n••••• Your totem loves you! In dreams, visions, omens, and solid form, that spirit provides frequent company and aid. You get three dice toward the appropriate Ability, add two dots each in Cosmology and Spirit Lore, and may receive help in desperate situations. Your bond to that spirit is obvious to anyone and marks you as a very strange, primal, and probably intimidating person.
Wonder	A wonder by any name is still as sweet… and you have one. What’s a Wonder? Perhaps it’s a mystic Talisman imbued with magickal power; a Fetish whose strange properties come from a spirit bound within its form; or a Technocratic or weird-science Device, shaped by Enlightened Science into something that transcends mortal technology. In game terms, a Wonder is simply an item with Sphere Effects of its own. Although such items, with a few exceptions, usually work only for mages, the Wonder’s form and function depend on the people who created it and the methods involved in its creation.\nSo long as your Storyteller agrees, a Wonder can be anything: an oak branch carved with Nordic runes, a plasma cannon, a robotic SUV, a bank card that skims money from every account held by that bank, an enchanted guitar, an owl-feather pen that writes in any human language… the Wonder’s form and function can, within limits, be whatever you want them to be. Certain terms (Fetish, Device, etc.) define particular types of items. The Toybox section of Appendix II (see pp. 651-653) features details, rules, and an array of sample Wonders.\nWonders can be temperamental… especially Fetishes, whose guiding spirits have personalities of their own. Even Devices, however, can seem uncannily stubborn, as anyone with a finicky car or computer can attest. They tend to have odd effects on the people who use them, especially mages who rely upon Wonders the way Elric of Melniboné relies upon his sword Stormbringer. In many cases, Wonders have elaborate backstories about their creation, history, and deeds. If your character begins play with a Wonder, work out an intriguing history and description of that item, then pass it off to your Storyteller for approval and further elaboration. Chances are, your Wonder will have secrets you won’t know about. Ideally, a Wonder is more than a simple “magic item”; instead, it’s a miracle in material form – solid proof of magick’s reality.\nX No items of power.\n• A Wonder with one small power – that is, a Wonder worth 1-3 points.\n•• A Wonder with one or two powers, probably with some Quintessence and an Arete of its own. (4-6 points.)\n••• A Wonder with a few notable powers or one respectable one. (7-9 points.)\n•••• A Wonder with impressive powers or a powerful Effect. (10-12 points.)\n••••• A Wonder with mighty powers or a single devastating Effect. (13-15 points.)
