Abyss Mysticism	1	Eyes of the Abyss
Abyss Mysticism	1	Light within Shadow
Abyss Mysticism	1	Locating the Oubliette
Abyss Mysticism	1	Pierce the Veil
Abyss Mysticism	1	The Abyss Knows
Abyss Mysticism	1	Weight of Shadows
Abyss Mysticism	2	Abyssal Blade
Abyss Mysticism	2	Comforting Darkness
Abyss Mysticism	2	Feed the Darkness
Abyss Mysticism	2	Implant the Bezoar
Abyss Mysticism	2	Subsume the Darkness
Abyss Mysticism	3	Abyssal Threads
Abyss Mysticism	3	Angra Mainyu Consumes Spenta Mainyu
Abyss Mysticism	3	Balthazar’s Revelation
Abyss Mysticism	3	Calling the Hungry Shade
Abyss Mysticism	3	Claiming the Dark
Abyss Mysticism	3	One with the Dark
Abyss Mysticism	3	Summoning the Blatherskites
Abyss Mysticism	3	The Third Eye of Rickard Argentis
Abyss Mysticism	4	Boukephos’ Gateway
Abyss Mysticism	4	Lord Aludian’s Orifices
Abyss Mysticism	4	Maw of Ahriman
Abyss Mysticism	4	Reflections of Hollow Revelation
Abyss Mysticism	4	Vision of Shadow
Abyss Mysticism	5	Ahriman’s Wight
Abyss Mysticism	5	Beckon the Ingurgitant
Abyss Mysticism	5	Commune with the Abyss
Abyss Mysticism	5	Rickard Argentis’s Homunculus
Abyss Mysticism	5	Whispers in the Dark
Abyss Mysticism	6	Into the Chasm
Abyss Mysticism	7	Evocation of the Oubliette
Abyss Mysticism	8	Cry That Slays the Light
Abyss Mysticism	8	Lord Aludian’s Claim
Abyss Mysticism	9	Boukephos’ Chosen Oubliette
Assamite Sorcery	1	Horoscope
Assamite Sorcery	1	Rite of Reclamation
Assamite Sorcery	1	Ritual of Return
Assamite Sorcery	1	Strength of Haqim
Assamite Sorcery	1	Tame the Maddening Flame
Assamite Sorcery	2	Banning Rituals
Assamite Sorcery	2	Blade of Smoke and Shadow
Assamite Sorcery	2	Blood Calls to Blood
Assamite Sorcery	2	Infusion of Kalif
Assamite Sorcery	3	A Shield of Mirror
Assamite Sorcery	3	Blood and Bane
Assamite Sorcery	3	Bound by Oath
Assamite Sorcery	3	Bull of Heaven
Assamite Sorcery	3	Strength in Wisdom
Assamite Sorcery	3	Wield the Spear of Damnation
Assamite Sorcery	4	Directing Ahriman’s Lance
Assamite Sorcery	4	Rebirth in the Light of Haqim
Assamite Sorcery	5	From Marduk’s Throat
Assamite Sorcery	5	Occlude the Western Road
Assamite Sorcery	5	Ravening Walls of Ceoris
Assamite Sorcery	5	Seeing With the Sky’s Eyes
Koldunic Sorcery	1	Drinking Death
Koldunic Sorcery	1	Master of the Domain
Koldunic Sorcery	1	Reawakening the Dead Water
Koldunic Sorcery	1	Servitor’s Perception
Koldunic Sorcery	1	Treasured Ornaments
Koldunic Sorcery	1	Truth in Water
Koldunic Sorcery	1	Unnatural Decay
Koldunic Sorcery	2	Autumn’s Armor
Koldunic Sorcery	2	Borne by Wind
Koldunic Sorcery	2	Concentrated Vitae
Koldunic Sorcery	2	Eyes of the Dead
Koldunic Sorcery	2	Invoke the Lesser Sign of Power
Koldunic Sorcery	3	Animate Curios
Koldunic Sorcery	3	Cowing the Servant
Koldunic Sorcery	3	One with the Forest
Koldunic Sorcery	3	The Floating Dead
Koldunic Sorcery	4	Evoke the Storm
Koldunic Sorcery	4	Scrying Pool
Koldunic Sorcery	4	Ties That Bind
Koldunic Sorcery	5	The Inmost Tug
Necromancy	1	Call of the Hungry Dead
Necromancy	1	Death’s Communion
Necromancy	1	Eldritch Beacon
Necromancy	1	Final Sight
Necromancy	1	Foxfire
Necromancy	1	Insight
Necromancy	1	Knowing Stone
Necromancy	1	Memento Mori
Necromancy	1	Minestra di Morte
Necromancy	1	Preserve Corpse
Necromancy	1	Ritual of the Smoking Mirror
Necromancy	1	Shew-Stone
Necromancy	1	Word of Insight
Necromancy	2	Antonius’s Denial
Necromancy	2	Draining the Well of Life
Necromancy	2	Eyes of the Grave
Necromancy	2	Generation of the Acheron Vortex
Necromancy	2	Haunting Breeze
Necromancy	2	Occhio d’Uomo Morto
Necromancy	2	Parting the Veil
Necromancy	2	Prepare the Vessel
Necromancy	2	Puppet
Necromancy	2	Thanatos’ Caress
Necromancy	2	The Hand of Glory
Necromancy	2	The Ritual of Pochtli
Necromancy	2	Totenpass
Necromancy	2	Two Centimes
Necromancy	2	Witch Eye
Necromancy	3	Blood Dance
Necromancy	3	Death’s Head
Necromancy	3	Din of the Damned
Necromancy	3	Divine Sign
Necromancy	3	Nightmare Drums
Necromancy	3	Ritual of The Unearthed Fetter
Necromancy	3	Tempest Prison
Necromancy	3	Tempesta Scudo
Necromancy	4	Baleful Doll
Necromancy	4	Bastone Diabolico
Necromancy	4	Cadaver’s Touch
Necromancy	4	Impregnable Soul
Necromancy	4	Peek Past the Shroud
Necromancy	4	Point of the Needle
Necromancy	4	Ritual of Xipe Totec
Necromancy	4	Summon Ethereal Horde
Necromancy	4	Vision of St. Anthony
Necromancy	5	Chill of Oblivion
Necromancy	5	Dead Man’s Hand
Necromancy	5	Enochian Passage
Necromancy	5	Esilio
Necromancy	5	Grasp the Ghostly
Necromancy	5	Orphic Sojourn
Necromancy	5	The Ferryman’s Recall
Necromancy	5	Treasures of Hades
Setite Sorcery	1	Armor of Diamond Serenity
Setite Sorcery	1	The Word of the Dark God
Setite Sorcery	1	Typhon’s Brew
Setite Sorcery	2	Craft Gris-Gris
Setite Sorcery	2	To Lace with Hidden Nectar
Setite Sorcery	3	Rings Like Chains
Setite Sorcery	3	Scorpion Sending
Setite Sorcery	4	Dismemberment of Osiris
Setite Sorcery	5	Creation of the Shabti
Setite Sorcery	5	Shackles of Blood
Thaumaturgy	1	Ambrus Kelemen’s Aegis
Thaumaturgy	1	Bind the Accusing Tongue
Thaumaturgy	1	Blood Mastery
Thaumaturgy	1	Blood Rush
Thaumaturgy	1	Blood into Water
Thaumaturgy	1	Brand
Thaumaturgy	1	CCTV
Thaumaturgy	1	Calling Card
Thaumaturgy	1	Chime of Unseen Spirits
Thaumaturgy	1	Communicate with Kindred Sire
Thaumaturgy	1	Defense of the Sacred Haven
Thaumaturgy	1	Deflection of Wooden Doom
Thaumaturgy	1	Devil’s Touch
Thaumaturgy	1	Domino of Life
Thaumaturgy	1	Encrypt Missive
Thaumaturgy	1	Engaging the Vessel of Transference
Thaumaturgy	1	Flatline
Thaumaturgy	1	Illuminate the Trail of Prey
Thaumaturgy	1	Impressive Visage
Thaumaturgy	1	Incantation of the Shepherd
Thaumaturgy	1	Learning the Mind Enslumbered
Thaumaturgy	1	Purify Blood
Thaumaturgy	1	Purity of Flesh
Thaumaturgy	1	Rite of Introduction
Thaumaturgy	1	Sanctify the Temple
Thaumaturgy	1	Sanguineous Phial
Thaumaturgy	1	Sense the Mystical
Thaumaturgy	1	Sigil of Authority
Thaumaturgy	1	Wake with Evening’s Freshness
Thaumaturgy	1	Water Walking
Thaumaturgy	1	Widow’s Spite
Thaumaturgy	2	Ascension of the Blood
Thaumaturgy	2	Beat Your Way to Glory
Thaumaturgy	2	Blood Crystal
Thaumaturgy	2	Blood Walk
Thaumaturgy	2	Burning Blade
Thaumaturgy	2	Commune with Cainite
Thaumaturgy	2	Craft Bloodstone
Thaumaturgy	2	Donning the Mask of Shadows
Thaumaturgy	2	Extinguish
Thaumaturgy	2	Eyes of Babel
Thaumaturgy	2	Eyes of the Night Hawk
Thaumaturgy	2	Flaming Weapon
Thaumaturgy	2	Haruspicy
Thaumaturgy	2	Hidden Haven
Thaumaturgy	2	Illusion of Peaceful Death
Thaumaturgy	2	Iron Body
Thaumaturgy	2	Machine Blitz
Thaumaturgy	2	Oinos of Dionysus
Thaumaturgy	2	Preserve
Thaumaturgy	2	Principal Focus of Vitae Infusion
Thaumaturgy	2	Recure of the Homeland
Thaumaturgy	2	Seal Egress
Thaumaturgy	2	Self-Executing File
Thaumaturgy	2	Summon Guardian Spirit
Thaumaturgy	2	The Jinx
Thaumaturgy	2	Ward
Thaumaturgy	2	Ward Versus Ghouls
Thaumaturgy	2	Warding Circle versus Ghouls
Thaumaturgy	2	Whispers of the Ghost
Thaumaturgy	2	Witness of Whispers
Thaumaturgy	3	A Touch of Nightshade
Thaumaturgy	3	Amulet of Mnemosyne
Thaumaturgy	3	Animated Assistants
Thaumaturgy	3	BFU
Thaumaturgy	3	Bind the Familiar
Thaumaturgy	3	Brotherhood of the Cup
Thaumaturgy	3	Clinging of the Insect
Thaumaturgy	3	Craft Dream Catcher
Thaumaturgy	3	Dante’s Urban Legend
Thaumaturgy	3	Displacement of the Pneuma
Thaumaturgy	3	Enfolding the Believers
Thaumaturgy	3	Father’s Freedom
Thaumaturgy	3	Flesh of Fiery Touch
Thaumaturgy	3	Hell’s Calling
Thaumaturgy	3	Incorporeal Passage
Thaumaturgy	3	Inscription
Thaumaturgy	3	Mirror of Second Sight
Thaumaturgy	3	Pavis of Foul Presence
Thaumaturgy	3	Rutor’s Hands
Thaumaturgy	3	Samira’s Kihanah
Thaumaturgy	3	Sanguine Assistant
Thaumaturgy	3	Sanguine Trail
Thaumaturgy	3	Scry the Hearthstone
Thaumaturgy	3	Shaft of Belated Quiescence
Thaumaturgy	3	Soul of the Homunculus
Thaumaturgy	3	Telecommunication
Thaumaturgy	3	The Bottled Voice
Thaumaturgy	3	Translocation of the Vessel
Thaumaturgy	3	Transubstantiation of Seven
Thaumaturgy	3	Ward of the Winged Sepulcher
Thaumaturgy	3	Ward versus Lupines
Thaumaturgy	3	Warding Circle versus Lupines
Thaumaturgy	4	Animated Weapon
Thaumaturgy	4	Baron Zaraguin’s Sting
Thaumaturgy	4	Bone of Lies
Thaumaturgy	4	Candle of Haunting
Thaumaturgy	4	Firewalker
Thaumaturgy	4	Heart of Stone
Thaumaturgy	4	Houngan’s Doll
Thaumaturgy	4	Infirm Inert
Thaumaturgy	4	Innocence of the Child’s Heart
Thaumaturgy	4	Invisible Chains of Binding
Thaumaturgy	4	Mirror Walk
Thaumaturgy	4	Non-Disclosure Clause
Thaumaturgy	4	Preservation of the Sanguine Heart
Thaumaturgy	4	Return of the Heart
Thaumaturgy	4	Scry
Thaumaturgy	4	Splinter Servant
Thaumaturgy	4	Stolen Kisses
Thaumaturgy	4	Summon the Blood Imp
Thaumaturgy	4	The Curse Belated
Thaumaturgy	4	Track Transgressor
Thaumaturgy	4	Transcending Barriers Through Love
Thaumaturgy	4	Unweave Ritual
Thaumaturgy	4	Vigil of the Stone Guardian
Thaumaturgy	4	Ward versus Kindred
Thaumaturgy	4	Ward versus Vitae
Thaumaturgy	4	Warding Circle versus Kindred
Thaumaturgy	5	Abandon the Fetters
Thaumaturgy	5	Asymmetrical Reproduction
Thaumaturgy	5	At Our Command It Breathes
Thaumaturgy	5	Blood Contract
Thaumaturgy	5	Bloody Mary
Thaumaturgy	5	Cheat the Scale of Hades
Thaumaturgy	5	Cobra’s Favor
Thaumaturgy	5	Court of Hallowed Truth
Thaumaturgy	5	Dedicate the Haven
Thaumaturgy	5	Enchant Talisman
Thaumaturgy	5	Escape to a True Friend
Thaumaturgy	5	Ghost in the System
Thaumaturgy	5	Mirror Prison
Thaumaturgy	5	Mirror of Blood
Thaumaturgy	5	Nectar of the Bitter Rose
Thaumaturgy	5	Paper Flesh
Thaumaturgy	5	Rite of Marduk Slain and Risen
Thaumaturgy	5	Sanctuary
Thaumaturgy	5	Severed Hand
Thaumaturgy	5	Skinwalker’s Belt
Thaumaturgy	5	Stone Slumber
Thaumaturgy	5	Stone of the True Form
Thaumaturgy	5	The Pursuit of Apotheosis
Thaumaturgy	5	Ward versus Spirits
Thaumaturgy	5	Warding Circle versus Technology
Thaumaturgy	5	Warding Circles versus Spirits, Ghosts, and Demons
Thaumaturgy	5	Way of the Wendigo
