# road_sins_pt.tsv - a metade PT da tabela de pecados (T931, I141c, V210). TRADUCAO A MAO -
# nao ha gerador para ela, exatamente como bg_body_pt.tsv de T765 e arch_body_pt.tsv de T838.
#
# tid<TAB>score<TAB>minimum_wrongdoing_pt<TAB>rationale_pt
#
# Casa por (tid, score) contra o EN ja resolvido (raw + overrides). Linha que falta aqui sai no
# .lua como ((FALTA pt <tid>|<score>)) e o gerador conta no fim - nao ha metade calada.
#
# ⚠ O CABECALHO deste arquivo e ASCII e o DADO NAO E: a coluna traduzida leva acento de verdade,
#   como bg_body_pt.tsv ja faz. Texto que o jogador le sem acento e defeito, nao economia.
#
# TERMOS, medidos nos modulos PT que ja existem e nao escolhidos aqui:
#   Kindred -> Membro · Beast -> Besta · frenzy -> frenesi · Rotschreck -> Rötschreck
#   Cainite -> Cainita · vitae -> vitae · Willpower -> Forca de Vontade · Amaranth -> Amaranto
#   diablerize -> diablerizar · Path -> Trilha · Road -> Caminho (o mapa PT do WoD20.6.lfm)
#
# ⚠ V34 proibe "magia menor"/"mago menor" no .lua inteiro - conferir o texto ANTES do gate.
# ⚠ Tabela de FILHA no da e de 2 COLUNAS: rationale vazia e o LIVRO, nao buraco de traducao.
bh:117:1	10	Usar seu antigo nome ou atender por ele	Você não é um vampiro. Você é um fio numa teia de poder.
bh:117:1	9	Recusar-se a usar Vicissitude a cada oportunidade	Torne-se o seu poder.
bh:117:1	8	Deixar de ampliar seu domínio de Vicissitude ao máximo possível	Você precisa aplicar todo o seu esforço em identificar-se com o Vigia interior.
bh:117:1	7	Deixar de cometer Amaranto ou de converter um membro do Clã que pratique Vicissitude	Retome o poder que eles roubaram.
bh:117:1	6	Recusar-se a ensinar Vicissitude	Deixe que o Vigia enxergue por mil olhos.
bh:117:1	5	Permitir que inimigos descubram seu verdadeiro refúgio	Sua toca pertence ao Vigia.
bh:117:1	4	Trair outro dos Corrompidos	Emanamos da mesma escuridão e precisamos abrir caminho até o mundo juntos.
bh:117:1	3	Permitir que inimigos descubram sua verdadeira natureza	Que os bastardos de Caim esqueçam a origem de seus dons até que estejamos prontos para reclamá-los abertamente.
bh:117:1	2	Recusar-se a converter à Trilha aqueles sob o vínculo de sangue	O Vigia exige seguidores para manifestar-se com mais força.
bh:117:1	1	Deixar de usar Vicissitude todas as noites, exceto em torpor	A sombra que murmura dentro de você precisa falar
bh:54:1	10	Deixar de cavalgar a onda em frenesi	O coração da Besta predileta de Abel lhe foi dado pelo Altíssimo. A voz dela é sagrada, e desatar sua divindade protege os anjos dele do assalto.
bh:54:1	9	Deixar de estancar a influência da religião institucionalizada	Ao longo da história, o enganador, Lúcifer, torceu a fé e vestiu a propagação da ignorância, do fanatismo, da ilusão, da ganância e do caos com a hipocrisia da religião. É dever dos Molochim pastorear o rebanho de Caim.
bh:54:1	8	Alimentar-se dos filhos de Sete	Reclame o sangue de Abel em vingança dos construtores, os filhos de Caim. Quem vive em harmonia com a Criação na natureza não está sujeito à retribuição do Altíssimo.
bh:54:1	7	Não buscar ativamente o conhecimento seguro da feitiçaria e do demoníaco	Conhece o teu inimigo. Ignorância é escuridão, e a escuridão é onde o infernal se esconde. A feitiçaria de sangue é o sacramento no arsenal contra a atrocidade.
bh:54:1	6	Recusar a oportunidade de converter aqueles que buscam redenção	Quanto maior a colmeia, maior o enxame. Quem encarou o infernal é uma vespa sem Ninho à espera de salvação. Prenda-os pelo sangue e liberte-os quando encontrarem abrigo
bh:54:1	5	Recusar-se a cantar uma canção de ninar aos adormecidos	Os sonhos dos adormecidos se alimentam da devastação e do estrago lançados sobre a Criação. Sem combustível, os adormecidos desviam a atenção do sonho e buscam despertar.
bh:54:1	4	Não ser seletivo numa canção de ninar	Destruição sem rumo, que não sirva de adubo para uma Criação nova brotar, não é melhor que um adormecido desperto. Pastoreie a Criação pela aplicação estratégica da violência e do sofrimento.
bh:54:1	3	Deixar de escravizar ou extinguir o demoníaco	O Altíssimo condenou Lúcifer e seus filhos; a existência deles está perdida.
bh:54:1	2	Deixar de purgar o infernal	Cada vez que o nome de um adormecido é pronunciado, e cada alma perdida para o demoníaco, desperta um pouco os adormecidos do sonho.
bh:54:1	1	Deixar de formar Ninho	A independência é o portão do infernal; Lúcifer ataca primeiro quem está sozinho. A união é a força da colmeia, o isolamento enfraquece o enxame. Ao deixar um Ninho, encontre outro.
bh:57:1	10	Deixar de adquirir conhecimento que esteja disponível com segurança e facilidade	O conhecimento é a nascente da verdade; nunca se sabe o bastante.
bh:57:1	9	Empenhar-se em qualquer ação sem propósito	Não desperdice esforço no que não o engrandece.
bh:57:1	8	Sacrificar quando o ganho é menor	Uma vitória que custa mais do que rende não traz benefício algum.
bh:57:1	7	Depender de outros	Suas ações são as únicas que você pode prever com certeza absoluta.
bh:57:1	6	Fazer suposições	Sem clareza, o erro se esconde na névoa do dado não examinado.
bh:57:1	5	Agir precipitadamente	Não se aprende com a ação indiscriminada. Observe, pense, calcule, pondere, e só então aja.
bh:57:1	4	Falar falsamente	A verdade é uma bala. Sem confiança, a verdade não tem arma.
bh:57:1	3	Cair em frenesi ou Rötschreck	O descuido é perigoso. Você não controla as ameaças que deixa de ver quando não está objetivo. Quem não domina a si mesmo não tem defesa contra quem queira dominá-lo.
bh:57:1	2	Tomar decisões com base na emoção	Os impulsos da emoção são palavras da Besta, não suas. Purgue-os.
bh:57:1	1	Reconhecer as próprias emoções	A Besta sente. Você não. Negue a Besta e ela definha.
bh:59:1	10	Aceitar tudo	Uma tigela cheia até a borda transborda.
bh:59:1	9	Não aceitar nada	Afie demais a faca e ela quebra.
bh:59:1	8	Preguiça	Uma formiga em movimento faz mais que um elefante adormecido.
bh:59:1	7	Interferir no universo	Para liderar, caminhe atrás.
bh:59:1	6	Conter a Besta	A luta gera conflito e o tira do alinhamento consigo mesmo.
bh:59:1	5	Deixar de tratar os outros como gostaria de ser tratado	Até um mestre precisa ser questionado.
bh:59:1	4	Permitir que o universo interfira em você	Só você controla suas ações.
bh:59:1	3	Excesso de confiança	Para conhecer a força, domine a fraqueza.
bh:59:1	2	Não rejeitar nada	A água é mais suave e mais flexível que qualquer coisa, e ainda assim nada lhe resiste.
bh:59:1	1	Rejeitar tudo	Quem não muda de direção sempre chega aonde estava indo.
core:312:1	10	Pensamentos egoístas
core:312:1	9	Pequenos atos egoístas
core:312:1	8	Ferir alguém (por acidente ou não)
core:312:1	7	Furto
core:312:1	6	Violação acidental (drenar uma vítima até o fim por inanição)
core:312:1	5	Dano material intencional
core:312:1	4	Violação passional (homicídio culposo, matar uma vítima em frenesi)
core:312:1	3	Violação premeditada (assassinato deliberado, exsanguinação saboreada)
core:312:1	2	Violação casual (matar sem pensar, alimentar-se além da saciedade)
core:312:1	1	Perversão absoluta ou atos hediondos
core:317:1	10	Matar um mortal para se sustentar	O sangue humano nutre o corpo, mas o assassinato dos menores é veneno para a alma.
core:317:1	9	Quebrar a palavra de honra dada a um irmão de Clã	A solidariedade é importante para a causa sagrada dos Assamitas.
core:317:1	8	Recusar-se a oferecer a um não-Assamita a chance de se converter	Os filhos de Khayyin são amaldiçoados e precisam ser salvos.
core:317:1	7	Deixar de destruir um Membro impenitente de fora do Clã	Quem não aceita os ensinamentos de Haqim perde o direito à sua não-vida.
core:317:1	6	Sucumbir ao frenesi	Haqim ensina a ascensão, não a indulgência.
core:317:1	5	Deixar de perseguir o saber sobre Khayyin	Para se opor aos inimigos com êxito, é preciso aprender tudo sobre eles.
core:317:1	4	Deixar de exigir sangue como pagamento	Outros membros do Clã podem se beneficiar dessa vitae, por mais diluída que esteja.
core:317:1	3	Recusar ajuda a um membro mais avançado da Trilha	Agir por egoísmo é cair nas armadilhas do peão de Khayyin.
core:317:1	2	Deixar de pagar o dízimo de sangue	Haqim decretou isto como primordial para a causa de seus filhos.
core:317:1	1	Agir contra outro Assamita	Isto é traição à Trilha e ao Clã.
core:319:1	10	Demonstrar medo da morte	O medo impede o aprendizado.
core:319:1	9	Deixar de estudar uma ocorrência de morte	Recusar-se a aprender é recusar-se a compreender.
core:319:1	8	Matar acidentalmente	Não há oportunidade de obter discernimento.
core:319:1	7	Adiar a alimentação quando faminto	Negar a si mesmo não serve a propósito maior nenhum.
core:319:1	6	Sucumbir ao frenesi	A Besta é irracional, e a emoção pouco contribui para o entendimento.
core:319:1	5	Recusar-se a matar quando surge a oportunidade	A experimentação comprova a teoria, e sem prova não há conclusão.
core:319:1	4	Tomar uma decisão pela emoção em vez da lógica	Vampiros estão mortos; suas emoções também.
core:319:1	3	Incomodar-se em benefício de outro	A morte é inevitável; que sentido tem aliviar o desconforto de um condenado?
core:319:1	2	Impedir uma morte sem necessidade	Não se deve impedir o ciclo, e sim aprender com ele.
core:319:1	1	Impedir ativamente uma morte	Laços emocionais assim convêm a humanos, não a Membros.
core:322:1	10	Deixar de pesquisar ou estudar todas as noites, sejam quais forem as circunstâncias	A busca pela verdade exige dedicação.
core:322:1	9	Deixar de instruir outros vampiros na Trilha de Caim	Todo vampiro precisa ter a chance de explorar seu potencial.
core:322:1	8	Fazer amizade com mortais ou conviver com eles	Caim foi separado dos mortais, como todo vampiro deveria ser.
core:322:1	7	Faltar com respeito a outros estudiosos de Caim	Todos os Filhos de Caim merecem o respeito devido à sua herança, desde que se esforcem para compreender a si mesmos.
core:322:1	6	Deixar de cavalgar a onda em frenesi	Dirija a Besta; não seja dirigido por ela.
core:322:1	5	Sucumbir ao Rötschreck	Domine seu medo. O terror é para seres menores.
core:322:1	4	Deixar de diablerizar um vampiro "humano"	Quem não explora o próprio potencial perde esse potencial.
core:322:1	3	Deixar de testar regularmente os limites de habilidades e Disciplinas	Desenvolva suas capacidades até o limite para discernir sua verdadeira natureza.
core:322:1	2	Deixar de buscar o saber sobre o vampirismo quando surge a oportunidade	Cada fragmento de conhecimento acrescenta uma peça ao enigma da existência morta-viva.
core:322:1	1	Negar as necessidades vampíricas (recusando-se a se alimentar, demonstrando compaixão ou deixando de aprender sobre as próprias capacidades vampíricas)	Para ser vampiro, é preciso satisfazer as necessidades de um vampiro.
core:324:1	10	Exercer moderação	O propósito de cada um é o excesso, não a moderação.
core:324:1	9	Demonstrar confiança	Use ou seja usado.
core:324:1	8	Deixar de transmitir a Maldição aos apaixonadamente perversos ou virtuosos	Os depravados servem melhor ao mal como vampiros; os virtuosos podem ser vencidos pela Maldição.
core:324:1	7	Deixar de cavalgar a onda em frenesi	Tanto a Besta quanto o eu superior precisam ser satisfeitos.
core:324:1	6	Agir contra outro Albigense	Quem partilha um propósito deve cumpri-lo, não brigar entre si.
core:324:1	5	Matar por paixão	O assassinato não alcança fim maior; homens mortos não podem manchar a própria alma.
core:324:1	4	Sacrificar a satisfação pela conveniência alheia	Promova os prazeres da carne, não conquistas altruístas.
core:324:1	3	Abster-se da indulgência	O mundo material é lugar para a gratificação da carne.
core:324:1	2	Matar arbitrariamente	Matar um mortal impede que ele conquiste a própria condenação.
core:324:1	1	Incentivar outros a exercer moderação	Vampiros são criaturas do mal; o propósito do vampiro é corromper, não salvar.
core:326:1	10	Caçar com meios que não sejam seus próprios poderes vampíricos	O caçador perfeito não precisa de ferramentas.
core:326:1	9	Envolver-se em política	Disputas políticas não rendem sustento.
core:326:1	8	Permanecer diante do fogo ou da luz do sol, exceto para matar um inimigo	Não há sentido em cortejar a Morte Final.
core:326:1	7	Agir com crueldade excessiva	A morte é natural; alimentar-se é natural. Tortura e crueldade não são.
core:326:1	6	Deixar de caçar quando faminto	O propósito do vampiro é alimentar-se.
core:326:1	5	Deixar de apoiar sua matilha ou seus aliados	Ampare sua família e ela o amparará.
core:326:1	4	Matar sem necessidade	De uma vítima morta não se pode beber de novo.
core:326:1	3	Deixar de seguir os próprios instintos	O instinto é a base da natureza predatória.
core:326:1	2	Matar uma criatura por outro motivo que não a sobrevivência	O propósito de uma morte é o sustento.
core:326:1	1	Recusar-se a matar para sobreviver	Vampiros são caçadores; todo o resto é caça.
core:328:1	10	Deixar de sustentar todos os preceitos do seu grupo	O verdadeiro dever para com uma causa exige caráter impecável.
core:328:1	9	Deixar de oferecer hospitalidade aos seus aliados	Hospitalidade e generosidade são a riqueza da alma.
core:328:1	8	Associar-se aos desonrados	Sirva de exemplo, mas não se deixe arrastar para a mesquinhez.
core:328:1	7	Deixar de participar dos rituais do seu grupo	Tradição e ritual são partes importantes da herança.
core:328:1	6	Desobedecer ao seu líder	A lealdade é a pedra angular da hierarquia.
core:328:1	5	Deixar de proteger seus aliados	Defenda quem é digno da sua estima.
core:328:1	4	Colocar interesses pessoais acima do dever	O dever é o propósito do vampiro.
core:328:1	3	Demonstrar covardia	A honra está em lutar por uma causa, não em fugir dela.
core:328:1	2	Matar sem motivo	A vida e a morte cabem a Deus decretar.
core:328:1	1	Quebrar sua palavra ou seu juramento; deixar de honrar um acordo	Quebrar o próprio juramento é ficar sem a honra que define a existência.
core:330:1	10	Alimentar-se assim que sente fome	A privação e a fome ensinaram Lilith a sobreviver.
core:330:1	9	Buscar riqueza ou poder temporal	A verdadeira riqueza vem de dentro, não do dinheiro ou da influência.
core:330:1	8	Não corrigir os erros alheios a respeito de Caim e Lilith	Caim foi um assassino, um traidor e um tolo que não merece reverência.
core:330:1	7	Sentir remorso por causar dor a alguém	A dor e o sofrimento ajudam os outros a aprender e crescer.
core:330:1	6	Deixar de participar de um ritual Bahari	Os rituais transmitidos ao longo do tempo guardam pistas do despertar.
core:330:1	5	Temer a morte	A morte é apenas uma mudança inevitável para uma nova forma de existência.
core:330:1	4	Matar um ser vivo ou morto-vivo	A morte nega a alguém a chance de transcender.
core:330:1	3	Não buscar os ensinamentos de Lilith	Lilith escondeu suas obras em muitos lugares; é preciso encontrá-las.
core:330:1	2	Deixar de dispensar dor e angústia	Seja mestre por meio da dor.
core:330:1	1	Fugir da dor	Só pela dor renascemos. Fugir da dor é abraçar a ignorância.

core:332:1	10	Adiar a alimentação quando faminto	A fome causa distração.
core:332:1	9	Entregar-se ao prazer	O hedonismo desvia de fins mais altos.
core:332:1	8	Pedir conhecimento a outrem	As lições da Metamorfose são segredos que precisam ser descobertos, não copiados.
core:332:1	7	Partilhar conhecimento com outrem	O conhecimento precisa ser aprendido, não simplesmente ilustrado.
core:332:1	6	Recusar-se a matar quando disso se pode obter conhecimento	Antes de transcender a morte, o Metamorfista precisa compreendê-la.
core:332:1	5	Deixar de cavalgar um frenesi	Um Membro precisa conhecer a Besta para transcendê-la.
core:332:1	4	Levar em conta as necessidades alheias	Quem não se dá ao trabalho de alcançar a Metamorfose está abaixo da sua atenção.
core:332:1	3	Deixar de experimentar, mesmo com risco para si	A Trilha só pode ser compreendida pela pesquisa empírica.
core:332:1	2	Negligenciar a alteração do próprio corpo	A mudança física precisa ser alcançada antes de qualquer metamorfose mais significativa.
core:332:1	1	Demonstrar compaixão pelos outros	O destino alheio arrasta você para a involução, não para a transcendência.
core:334:1	10	Matar um mortal por alimento	Mortais mortos não sentem pavor.
core:334:1	9	Agir no interesse de outro	Não há tempo para cumprir agendas mesquinhas.
core:334:1	8	Deixar de ser inovador nas próprias depredações	A familiaridade com seus atos vis gera desprezo por eles nos outros, e logo eles podem deixar de chocar.
core:334:1	7	Pedir ajuda a outrem	Quem não consegue prover a si mesmo cumpre mal seus fins.
core:334:1	6	Matar acidentalmente	Deus fez dos Membros horrores, não assassinos.
core:334:1	5	Curvar-se à vontade de outro Membro	Os jogos da Jyhad são desvios do verdadeiro propósito dos Condenados.
core:334:1	4	Matar intencionalmente ou por paixão	A morte não serve a ninguém; apenas priva você de uma vítima.
core:334:1	3	Ajudar outrem	A compaixão não tem lugar no coração morto-vivo de um vampiro.
core:334:1	2	Aceitar a alegação de superioridade de outro	Todos os Membros são iguais sob o plano de Deus.
core:334:1	1	Arrepender-se do próprio comportamento	O propósito do Membro é causar arrependimento, não praticá-lo.
core:336:1	10	Abraçar uma mulher	Mulheres devem ser portadoras da vida, não da morte.
core:336:1	9	Abraçar fora da jati	A maioria dos outros não compreende a profundidade da filosofia do Paradoxo.
core:336:1	8	Destruir outro Shilmulo	A caridade não começa em casa, como se costuma crer.
core:336:1	7	Matar um mortal para se sustentar	A morte rouba de uma pessoa a capacidade de cumprir seu svadharma.
core:336:1	6	Deixar de destruir um vampiro de outra Trilha	Quem não enxerga o caminho verdadeiro deve ser devolvido a um papel produtivo no ciclo.
core:336:1	5	Matar um mortal por motivos que não a sobrevivência	Uma pessoa pode ainda não ter cumprido seu svadharma, e impedir isso é anátema.
core:336:1	4	Deixar de auxiliar o svadharma de outrem	Os deuses estabeleceram isto como o propósito do Shilmulo.
core:336:1	3	Permitir que assuntos da sua Seita tenham precedência sobre o seu dharma	Sua lealdade deve ser aos deuses, não aos seus companheiros.
core:336:1	2	Tornar-se preso pelo vínculo de sangue	Nunca se pode destruir o próprio regente, e é este o propósito inteiro desta Trilha.
core:336:1	1	Abraçar sem necessidade ou por desejo pessoal	É preciso devolver os outros ao ciclo, não retirá-los dele.
core:338:1	10	Negar responsabilidade pelos próprios atos	Abandonar a responsabilidade é falhar em liderar como se deve.
core:338:1	9	Tratar mal seus subordinados	Recompense a competência como incentivo, mas faça-o com parcimônia.
core:338:1	8	Deixar de respeitar seus superiores	Dê o respeito devido, para que possa aprender algo em troca.
core:338:1	7	Ajudar os outros quando não é vantajoso para você	Sempre obtenha algo de suas ações.
core:338:1	6	Aceitar a derrota	Vença, ou morra.
core:338:1	5	Deixar de matar quando é do seu interesse	Não hesite em eliminar quem se puser contra você.
core:338:1	4	Submeter-se ao erro alheio	Esteja certo e será justificado. Siga um tolo e sofrerá por isso.
core:338:1	3	Não usar as ferramentas mais eficazes de controle	O poder precisa ser tomado. Seja de punho de ferro e resoluto.
core:338:1	2	Não punir o fracasso	O fracasso só instrui quando usado como exemplo negativo.
core:338:1	1	Recusar a oportunidade de obter poder	O poder pessoal é o meio para todos os fins.
core:340:1	10	Buscar as próprias indulgências em vez das de outrem	O deslize para o vício é ferramenta, não recreação.
core:340:1	9	Recusar ajuda a outro seguidor da Trilha	Equipes trabalham mais eficientemente que indivíduos para erguer Set.
core:340:1	8	Deixar de destruir um vampiro em Golconda	Quem transcendeu os próprios desejos não pode ser dominado.
core:340:1	7	Deixar de observar o ritual religioso Setita	Você não deve negar a Set o que lhe é devido.
core:340:1	6	Deixar de solapar a ordem social vigente em favor dos Setitas	Os outros Membros não têm propósito ou estão iludidos, e essa indolência atrasa o retorno de Set.
core:340:1	5	Deixar de fazer o que for preciso para corromper outrem	Quanto mais indivíduos em dívida com os Setitas, melhor.
core:340:1	4	Deixar de buscar o conhecimento arcano	Os mistérios da ressurreição de Set podem estar escondidos em qualquer lugar.
core:340:1	3	Obstruir os esforços de outro Setita	As fileiras dos justos não são lugar para disputas mesquinhas de poder.
core:340:1	2	Deixar de tirar proveito da fraqueza alheia	A compaixão não tem lugar nos planos maiores de Set.
core:340:1	1	Recusar-se a ajudar na ressurreição de Set	Isso é coisa de descrentes.
da:116:1	10	Arriscar a própria vida	A sobrevivência está acima de tudo.
da:116:1	9	Reconhecer um líder	Não existe "nós", só "eu".
da:116:1	8	Matar por prazer	Nunca desperdice.
da:116:1	7	Escolher viver na ordem em vez do caos	A civilização o amolece.
da:116:1	6	Crueldade por prazer	Crueldade é energia desperdiçada.
da:116:1	5	Fazer algo em troca de nada	Caridade não alimenta a Besta.
da:116:1	4	Deixar de matar quando a sobrevivência está em jogo	Se for você ou eles, tem de ser você.
da:116:1	3	Não proteger o que é seu	Torne seu, mantenha seu.
da:116:1	2	Não ter nada que seja seu	Marque seu território, marque seu povo, marque seu rebanho.
da:116:1	1	Recusar-se a alimentar quando faminto	Não há equilíbrio quando a Besta é negada.
da:118:1	3	Deixar de explorar	Você não pode saber o que há depois da esquina se não for olhar.
da:118:1	2	Reconhecer laços com uma terra ou um povo	Rejeite os títulos deles e as tentativas de domesticá-lo.
da:118:2	8	Deixar de expor alguém a uma verdade dura	A libertação pertence a todos.
da:118:2	6	Buscar conforto na cidade em vez de desmontá-la	Se torna sua vida mais fácil, o torna mais fraco. Destrua isso.
da:118:2	1	Fortalecer a tirania	Você cria libertação, queiram eles ou não.
da:118:3	8	Ignorar ameaças em potencial à sua caçada.	Outros tentarão limitar seus direitos de caça. Não deixe.
da:118:3	7	Agir sem um plano	Um Caçador descuidado já fracassou antes de começar.
da:118:3	2	Caçar sem preparação ritual	A Caçada é a única coisa sagrada.
da:120:1	10	Deixar de manter um estado de pureza ritual	E sereis para mim homens santos.
da:120:1	9	Contato desnecessário com não-judeus	O povo precisa ser protegido.
da:120:1	8	Deixar de encontrar uma autoridade rabínica que decida por você, e de obedecer a essas decisões	Onde quer que haja profanação do nome de Deus, não se mostra respeito ao rabino.
da:120:1	7	Deixar de obedecer às leis e aos costumes da comunidade judaica local	As necessidades espirituais do indivíduo só podem ser atendidas pela comunidade.
da:120:1	6	Deixar de manter vínculo com uma comunidade judaica local	Judeus não podem existir isolados.
da:120:1	5	Beber sangue não permitido	Pois a vida da carne está no sangue.
da:120:1	4	Adorar ídolos	Ouve, ó Israel, Deus é Um.
da:120:1	3	Cometer violência sexual	É pior injustiçar um semelhante do que injustiçar a Deus.
da:120:1	2	Assassinato	Quem derramar o sangue do homem, pelo homem terá o seu sangue derramado.
da:120:1	1	Pôr em risco a comunidade judaica	Não te porás de lado diante do sangue do teu próximo.
da:120:2	10	Deixar de denunciar a corrupção e o pecado	Basta ao mal, para triunfar, a inação dos justos.
da:120:2	9	Agir por orgulho, avareza, luxúria ou outro impulso pecaminoso	O caminho até a Besta é pavimentado de pecado.
da:120:2	8	Dar falso testemunho	Língua mentirosa é odiosa aos olhos do Senhor.
da:120:2	7	Causar dano a uma pessoa piedosa	Deus protege os inocentes.
da:120:2	6	Alimentar-se de um inocente sem permissão	Corromper o inocente é pecado grave.
da:120:2	5	Blasfêmia ou heresia em palavra ou ato	A blasfêmia é pecado contra Deus.
da:120:2	4	Assassinato de inocentes	Não matarás, diz o Senhor.
da:120:2	3	Adorar falsos ídolos	Não terás outros deuses diante de mim.
da:120:2	2	Auxiliar demônios ou o mal sobrenatural	É dever dos justos ferir os ímpios.
da:120:2	1	Deixar de espalhar o Evangelho de Cristo	É dever de todo cristão espalhar a boa nova de Nosso Senhor
da:121:1	10	Deixar de honrar seus mais velhos	Não lhes dirijas palavra de desprezo, mas fala-lhes com honra.
da:121:1	9	Deixar de cuidar dos indefesos	Todo poder é dádiva de Deus.
da:121:1	8	Ser desonesto ou injusto no trato com os outros	Dá a medida cheia e pesa com balança justa.
da:121:1	7	Quebrar uma promessa	Todo pacto será inquirido no Dia do Ajuste de Contas.
da:121:1	6	Jactância ou arrogância	Bem-aventurados os que se humilham nas preces.
da:121:1	5	Alimentar-se de um não-muçulmano	Ele proibiu aquilo que foi imolado a qualquer outro deus.
da:121:1	4	Matar injustamente	Nem tires a vida — que Allah fez sagrada — por causa injusta.
da:121:1	3	Reconhecer qualquer deus além de Allah (e Maomé é Seu Profeta)	Não tomes junto a Allah outro objeto de adoração.
da:121:1	2	Romper a unidade do Islã	Vós, muçulmanos, sois a melhor nação surgida para a Humanidade.
da:121:1	1	Deixar de submeter-se à vontade de Allah tal como revelada por seu Profeta e pela revelação	Só Deus possui todo poder e toda glória.
da:123:1	10	Pensamentos egoístas	Se pode ser pensado, pode ser feito.
da:123:1	9	Pequenos atos egoístas	Pôr-se em primeiro lugar deixa a Besta entrar.
da:123:1	8	Ferir outra pessoa	Acidental ou não, ainda há sangue em suas mãos.
da:123:1	7	Furto	Só um animal toma sem pensar nas consequências
da:123:1	6	Violação acidental de outrem	A humanidade é uma condição partilhada; o sofrimento dele é o seu.
da:123:1	5	Destruição gratuita	Você é uma pessoa ou um animal?
da:123:1	4	Violação passional de outrem	A paixão por trás da violência é o sussurro da Besta.
da:123:1	3	Violação premeditada de outrem	Ser tão frio é rejeitar o calor da humanidade.
da:123:1	2	Violação casual de outrem	Até animais selvagens sabem melhor.
da:123:1	1	Os atos mais monstruosos e vis	Você é uma pessoa ou um monstro?
da:123:2	10	Permitir-se pensar ou agir como um vampiro
da:123:2	7	Deixar conscientemente um humano sofrer
da:123:2	1	Passar uma noite sem contato humano
da:124:1	7	Destruição acidental de propriedade pública
da:124:1	4	Furto
da:124:1	1	Genocídio ou qualquer ação que acabe com a capacidade de uma comunidade crescer e prosperar
da:125:1	10	Permanecer em qualquer lugar que não o faça avançar em sua jornada
da:125:1	7	Qualquer ato que impeça um Cainita de seguir a jornada que você começou.
da:125:1	1	Deixar a verdadeira escuridão entrar, para sufocar a luz. Aceitar o Mal.
da:126:1	10	Abrir mão do seu dever	Quem não mantém suas responsabilidades costuma perdê-las.
da:126:1	9	Tratar um igual com desrespeito	É preciso dar respeito para recebê-lo dos outros.
da:126:1	8	Colocar desejos pessoais acima do dever	Um líder deve fazer o melhor para muitos, não para um só.
da:126:1	7	Tratar um inferior como igual	Cada um deve conhecer o seu lugar, inclusive você.
da:126:1	6	Matar sem propósito	Demonstrações de poder devem inspirar medo ou respeito.
da:126:1	5	Demonstrar fraqueza diante de inferiores	Um líder precisa ser forte o tempo todo.
da:126:1	4	Deixar de responder a um desafio à sua honra	Honra e reputação são tudo.
da:126:1	3	Tratar seu superior com desrespeito	Aos superiores deve ser dado o respeito que lhes é devido.
da:126:1	2	Quebrar sua palavra ou seu juramento	Sua palavra é sua honra. Sem honra, você não tem valor.
da:126:1	1	Ceder à sua Besta, como no frenesi	Se você não controla a si mesmo, como controlaria os outros?
da:127:1	10	Negligenciar seu dever por qualquer motivo	O dever vem primeiro.
da:127:1	9	Atos desonrosos (engano, assassinato etc.)	Sua honra é a coisa mais importante.
da:127:1	8	Tratar outrem com desrespeito	É preciso dar respeito para recebê-lo dos outros.
da:127:1	7	Comportar-se de maneira injusta	É seu dever sustentar a justiça.
da:127:1	6	Deixar de socorrer alguém	É seu dever proteger os fracos.
da:127:1	5	Tratar seu superior com desrespeito	Aos superiores deve ser dado o respeito que lhes é devido.
da:127:1	4	Colocar desejos pessoais acima do dever	Pensamentos egoístas não têm lugar no coração de um Paladino.
da:127:1	3	Deixar de responder a um desafio à sua honra	Honra e reputação são tudo.
da:127:1	2	Quebrar sua palavra	Sua palavra é sua honra. Sem honra, você não tem valor.
da:127:1	1	Quebrar um juramento solene	Juramentos de fidelidade são o que faz a sociedade civilizada.
da:127:2	10	Negligenciar seu dever por qualquer motivo	O dever vem primeiro.
da:127:2	9	Infringir a lei	Você precisa sustentar a lei a todo custo.
da:127:2	8	Tratar outrem com desrespeito	É preciso dar respeito para recebê-lo dos outros.
da:127:2	7	Comportar-se de maneira injusta	É seu dever sustentar a justiça.
da:127:2	6	Matar sem propósito	Demonstrações de poder devem inspirar medo ou respeito.
da:127:2	5	Deixar de socorrer alguém	Para obter poder, primeiro é preciso reunir boa vontade.
da:127:2	4	Tratar seu superior com desrespeito	Aos superiores deve ser dado o respeito que lhes é devido.
da:127:2	3	Deixar de sustentar a lei	É seu dever sustentar a lei, custe o que custar.
da:127:2	2	Quebrar sua palavra ou seu juramento	Sua palavra é sua honra. Sem honra, você não tem valor.
da:127:2	1	Ceder à sua Besta, como no frenesi	Se você não controla a si mesmo, como controlaria os outros?
da:127:3	10	Deixar de reconhecer o divino	Seu poder vem da vontade divina.
da:127:3	9	Abrir mão do seu dever	Quem não mantém suas responsabilidades costuma perdê-las.
da:127:3	8	Tratar outrem com desrespeito	É preciso dar respeito para recebê-lo dos outros.
da:127:3	7	Tratar um inferior como igual	Você é um deus; não se esqueça disso.
da:127:3	6	Colocar desejos pessoais acima do dever	Um líder deve fazer o melhor para muitos, não para um só.
da:127:3	5	Deixar de tomar o poder quando a chance surge	Você precisa provar ao divino que merece sua bênção.
da:127:3	4	Deixar de responder a um desafio à sua honra.	Deuses de verdade ferem seus detratores.
da:127:3	3	Matar sem propósito	É seu dever divino proteger seus adoradores, não matá-los.
da:127:3	2	Quebrar sua palavra ou seu juramento	Sua palavra é sua honra. Sem honra, você não tem valor.
da:127:3	1	Ceder à sua Besta, como no frenesi	Se você não controla a si mesmo, como aceitaria o divino?
da:130:1	10	Alimentar-se assim que sente fome	Há uma lição em cada negação, e há controle na autonegação.
da:130:1	9	Entrar num sistema criado por quem não tem sabedoria	Viva fora das mentiras deles.
da:130:1	8	Ignorar uma das faces de Lilith	Aonde quer que você vá, a Mãe Sombria deixou mensagens para você. Leia os mitos deles e mostre-lhes onde Lilith vive.
da:130:1	7	Rejeitar o sofrimento alheio ou desprezá-lo	Ensine sempre que a oportunidade se apresentar, mesmo que você julgue as lições aprendidas abaixo de você.
da:130:1	6	Crueldade por si mesma	Como mestre, você precisa lapidar suas lições. Abusos mesquinhos estão abaixo de você. A dor que você inflige precisa ser divina.
da:130:1	5	Roubar um grande aprendizado e reivindicá-lo como seu	Se não foi você quem descobriu a sabedoria, não tem direito de reivindicá-la nem autoridade baseada nela.
da:130:1	4	Destruir um ser pensante	Eles não podem aprender com você nem lhe ensinar se forem destruídos.
da:130:1	3	Não buscar os ensinamentos de Lilith	Vire a folha, rache a madeira e encontre os segredos dela onde quer que se escondam.
da:130:1	2	Interpor-se entre alguém e uma lição valiosa	Melhor arrancar as estrelas do céu do que roubar de alguém momentos de verdadeira gnose.
da:130:1	1	Fugir da dor	Quanto mais difícil, mais recompensador o crescimento.
da:130:2	9	Entrar em qualquer comunidade de tolos.
da:130:2	5	Aceitar um aluno (formal ou informal) na primeira vez em que ele o procura.
da:130:2	2	Colocar o aprendizado de outro acima do seu.
da:131:1	9	Aceitar e obedecer a qualquer lei de Caim ou de Deus.
da:131:1	8	Deixar de destruir as obras dos noditas mentirosos.
da:131:1	4	Apagar a chama de uma vela que deseja arder mais forte.
da:131:2	10	Rejeitar as investidas de demônios com semente em punho.
da:131:2	7	Abandonar uma coisa porque ela é feia ou assustadora.
da:131:2	5	Não tomar um segredo de fazer e criar de selvagens que não conhecem o propósito divino por trás dele.
da:131:2	1	Rejeitar as investidas de anjos com semente em punho.
da:132:1	10	Deixar de cavalgar um frenesi	Embora se possa colher conhecimento da Besta, você não pode permitir que seus impulsos mais baixos o controlem.
da:132:1	9	Oferecer conhecimento não solicitado a outrem	A maioria não segue a sua trilha, mas não presuma tirar deles a escolha.
da:132:1	8	Permitir que o prazer ou a emoção o distraiam	O hedonismo desvia de fins mais altos.
da:132:1	7	Pedir conhecimento a outrem	Ninguém pode lhe ensinar a apoteose. Você precisa descobrir os segredos dela sozinho.
da:132:1	6	Negar sustento a si mesmo	A fome é a mais básica das distrações.
da:132:1	5	Sucumbir à moral convencional quando havia conhecimento a obter	Sem transgredir, você nunca encontrará o que está oculto à vista.
da:132:1	4	Colocar os outros acima da sua busca por conhecimento	Quem deseja acorrentar-se a este mundo vai segurar você também.
da:132:1	3	Deixar de experimentar por compaixão, desconforto ou risco pessoal	Podemos tropeçar no escuro, e pode ser desagradável, mas é o nosso único caminho adiante.
da:132:1	2	Amar outra pessoa	O amor se põe acima de tudo, até da Metamorfose. Não permita isso.
da:132:1	1	Negligenciar a alteração do próprio corpo	Se as formas que temos servissem à ascensão, já teríamos ascendido.
da:134:1	10	Reconhecer qualquer autoridade acima da sua	Você está além da submissão.
da:134:1	9	Deixar de satisfazer um desejo novo	Nenhum prazer deve lhe ser negado.
da:134:1	8	Deixar de cavalgar a onda do frenesi	A Besta se cansa com o exercício e se fortalece com a negação.
da:134:1	7	Abrir mão de prazeres duradouros por prazeres passageiros	Não troque enchentes de desejo por um gole.
da:134:1	6	Colocar as necessidades alheias à frente do seu prazer	Sua necessidade pesa mais que tudo o mais.
da:134:1	5	Fazer um juramento	Não se prenda a ninguém, muito menos a si mesmo.
da:134:1	4	Recusar-se a agir contra quem tenta prendê-lo	As correntes mais verdadeiras são as que se impõe, mas as falsas prendem igual.
da:134:1	3	Recusar-se a alimentar ou matar quando necessário	Nenhuma vida vale mais que a sua.
da:134:1	2	Incentivar os preceitos ou virtudes de outro Caminho	Todos os outros Caminhos levam a gaiolas douradas e Bestas soltas.
da:134:1	1	Recusar-se a agir no seu próprio interesse	Só tolos se sacrificam.
da:135:1	10	Envergonhar-se dos próprios atos	A vergonha é a desaprovação nos olhos alheios; seus atos só precisam agradar a você.
da:135:1	9	Deixar de satisfazer seus desejos	A saciedade mantém a Besta a distância.
da:135:1	8	Deixar de cavalgar a onda do frenesi	As fúrias vermelhas são apenas mais um prazer a experimentar.
da:135:1	7	Qualquer demonstração de modéstia	A modéstia é moral imposta de fora. Nunca se submeta a ela.
da:135:1	6	Colocar as necessidades alheias à frente dos seus interesses	Seus desejos vêm antes da necessidade deles.
da:135:1	5	Fazer um juramento	Um coração selvagem nunca deve ser acorrentado.
da:135:1	4	Conviver com quem não lhe traz prazer	A Besta se enfurece quando negada; nunca dê licença à fúria dela.
da:135:1	3	Recusar-se a alimentar ou matar quando necessário	Estas são suas alegrias maiores e mais puras.
da:135:1	2	Incentivar a virtude ou os agentes da virtude	Por que gastar esforço em ajudar quem o acorrentaria?
da:135:1	1	Recusar-se a agir no seu próprio interesse	Seus desejos são tudo o que realmente importa.
da:136:1	10	Reconhecer quaisquer leis que não as do Inferno	Divindade e mundanidade nada significam para os Condenados.
da:136:1	9	Deixar de satisfazer seus desejos	O prazer o fortalece, e isso fortalece seus senhores.
da:136:1	8	Deixar de cavalgar a onda do frenesi	A Besta é o clarim da sua alma.
da:136:1	7	Recusar-se a alimentar ou matar quando necessário	Belo é o sangue que escurece a terra.
da:136:1	6	Evitar ferir os outros por qualquer motivo	Sangue derramado é seu presente ao mundo, seu maior prazer.
da:136:1	5	Qualquer demonstração de misericórdia ou piedade	A misericórdia é para os fracos, e a Condenação o torna forte.
da:136:1	4	Deixar de agir em nome do Inferno	Você serve ao Inferno, mesmo quando ele não serve a você.
da:136:1	3	Qualquer comportamento altruísta	Você não deve nada aos outros.
da:136:1	2	Agir contra os servos do Inferno	Somos todos zangões na colmeia do Poço.
da:136:1	1	Incentivar a virtude ou os agentes da virtude	Nada de puro pode resistir a você, nem mesmo a pureza do Pecado.
da:136:2	10	Reconhecer as leis de Deus ou do Homem	Nunca dê crédito a quem escravizaria os outros.
da:136:2	9	Deixar de satisfazer um desejo novo	A paixão é o fogo da alma.
da:136:2	8	Deixar de cavalgar a onda do frenesi	A Besta só pode ser compreendida depois da luta.
da:136:2	7	Recusar ajuda a uma alma perdida em necessidade	Os fracos não compreendem a própria natureza e precisam ser ensinados pelos fortes.
da:136:2	6	Recusar um prazer que não fere ninguém	Buscar o próprio prazer é a mais cara das buscas.
da:136:2	5	Fazer um juramento	A servidão forçada não tem remédio e merece pena; a servidão que se impõe é hedionda e deve ser combatida.
da:136:2	4	Recusar-se a agir contra quem escolhe prendê-lo	Puna quem tenta controlá-lo.
da:136:2	3	Recusar-se a alimentar ou matar quando necessário	Nunca sinta vergonha de fazer o que precisa ser feito.
da:136:2	2	Buscar ganho material às custas de questões mais altas	Enriqueça sua alma antes de encher seus cofres.
da:136:2	1	Incentivar a falsa virtude ou os agentes da falsa virtude	As amarras das leis escravizam a mente e estrangulam a alma.
da:138:1	10	Deixar de fazer sacrifícios regulares	Sacrifícios regulares dão força aos deuses.
da:138:1	9	Mentir	Não se desonre aos olhos dos deuses com palavras falsas.
da:138:1	8	Ofender os deuses ou os espíritos com violência	Não desrespeite os espíritos com violência, pois eles se ofendem depressa e sua memória é longa.
da:138:1	7	Deixar de agir com honra	Os deuses recompensam a honra e punem a desonra.
da:138:1	6	Roubar de oferendas ou sacrifícios	Dê aos deuses os primeiros frutos do seu trabalho e não lhes negue a parte deles.
da:138:1	5	Não honrar os sacerdotes	Sacerdotes são servos da ordem e do equilíbrio, favorecidos pelos deuses.
da:138:1	4	Matar um animal sagrado	Honre aquilo que os deuses decretaram sagrado.
da:138:1	3	Profanar lugares sagrados	Profanar um templo é como amaldiçoar os próprios deuses.
da:138:1	2	Danificar a imagem dos deuses	Deve-se buscar sempre honrar os deuses em pensamento e em ato.
da:138:1	1	Injuriar um deus ou os deuses	Os deuses são a fonte de toda vida e de todo bem.
da:140:1	10	Recusar-se a partilhar conhecimento com um destinatário digno	A erudição melhora com a revisão informada.
da:140:1	9	Destruição gratuita e crueldade	Bestas e idiotas não descobrirão nada além da estaca.
da:140:1	8	Recusar-se a matar quando é útil ou necessário	Que nenhum melindre mortal atrapalhe sua busca.
da:140:1	7	Deixar-se levar pela emoção	Estude a emoção como expressão da alma, mas não deixe que ela guie sua mão.
da:140:1	6	Sucumbir ao frenesi	Uma Besta enfurecida observa mal.
da:140:1	5	Buscar poder, prestígio ou vínculos mortais em vez de conhecimento	Essas coisas são meios para um fim e nada mais.
da:140:1	4	Permitir que a compaixão ou a piedade o influenciem	Fingir compaixão pode ser útil para manipular seus inimigos, mas não a deixe entrar no seu coração.
da:140:1	3	Impedir uma morte sem necessidade	Toda carne é pó.
da:140:1	2	Demonstrar medo da morte	Não tema a verdade.
da:140:1	1	Destruir fontes insubstituíveis de conhecimento	Destruir um artefato destrói um mundo inteiro.
da:141:1	10	Ignorar um insulto	Você conquistou o respeito dos outros.
da:141:1	9	Insultar outrem sem que ele mereça	É preciso mostrar respeito a quem o conquistou.
da:141:1	8	Mentir para quem provou ser honesto	A honestidade exige honestidade.
da:141:1	7	Abusar do seu rebanho	O rebanho não é de um só.
da:141:1	6	Mostrar misericórdia a quem não se submeteu	Os fracos precisam aceitá-lo como seu senhor.
da:141:1	5	Perder uma batalha por orgulho	Derrote seu inimigo agora. Console seu ego depois.
da:141:1	4	Ferir família, anda, rebanho ou aliados durante o frenesi	A qualidade essencial de um guerreiro é a disciplina.
da:141:1	3	Desobedecer à ordem do seu noyan	A obediência é o alicerce da honra.
da:141:1	2	Trair sua família	Você nunca conhecerá laço mais forte que o do sangue.
da:141:1	1	Trair seus Irmãos de Sangue	A família de escolha é a mais forte.
da:432:1	10	Agir por impulso em qualquer situação	A disciplina é força.
da:432:1	9	Permitir que a emoção dite as ações	A paixão é o primeiro estremecer da Besta.
da:432:1	8	Sucumbir ao frenesi	Nossa vontade precisa ser inabalável.
da:432:1	7	Deixar de diablerizar um vampiro indigno	Devolva a Haqim o sangue dos indignos.
da:432:1	6	Agir com covardia ou desonra	Nossos atos recaem sobre nosso pai, Haqim.
da:432:1	5	Deixar um indigno impune	Somos os juízes dos não-vivos.
da:432:1	4	Demonstrar fraqueza diante dos indignos	Representamos Haqim em todas as coisas.
da:432:1	3	Deixar de honrar um juramento	Nossa honra é o que nos distingue.
da:432:1	2	Submeter-se à vontade de um príncipe ou ancião indigno	Nada neste mundo pode nos desviar do nosso propósito sagrado.
da:432:1	1	Prender-se por juramento a outro Cainita	Servimos a Haqim e a mais ninguém.
da:442:1	10	Demonstrar medo do escuro	A escuridão tem muito a nos ensinar sobre o Abismo.
da:442:1	9	Deixar de observar uma manifestação da escuridão	Só pela observação se aumenta o conhecimento.
da:442:1	8	Manifestar reverência pela criação	A criação é uma praga, uma mácula na pureza do Abismo.
da:442:1	7	Recusar-se a alimentar quando faminto	A fome é uma manifestação do vazio.
da:442:1	6	Recusar-se a matar quando esse é o caminho mais rápido	Tudo retorna ao Abismo com o tempo.
da:442:1	5	Ceder ao frenesi	Para dominar a escuridão, primeiro é preciso dominar a si mesmo.
da:442:1	4	Recusar-se a partilhar conhecimento com outro místico do Abismo	A compreensão plena do Abismo não se alcança sem o discernimento alheio.
da:442:1	3	Deixar a moral atrapalhar o estudo do Abismo	Moral é fraqueza nascida da luz. Somos criaturas da escuridão.
da:442:1	2	Evitar a escuridão sem necessidade	Somos criaturas da escuridão. Rejeitá-la é rejeitar a si mesmo.
da:442:1	1	Demonstrar aversão ao Abismo	Não se domina aquilo que se teme.
da:445:1	10	Deixar de aceitar a morte	Seu svadharma é apenas temporário; você precisa retornar ao samsara um dia.
da:445:1	9	Abraçar fora da jati	Só Abrace quem vá seguir o Caminho do Paradoxo.
da:445:1	8	Destruir outro Asura	Seus companheiros neste Caminho têm um svadharma; não os detenha.
da:445:1	7	Matar um mortal para se sustentar	A morte impede uma pessoa de cumprir seu svadharma nesta parte do ciclo.
da:445:1	6	Deixar de matar vampiros de outro Caminho	Só aceitando o verdadeiro caminho até moksha um vampiro pode se redimir. Fora isso, são inúteis.
da:445:1	5	Permitir que assuntos pessoais interfiram no seu svadharma	Você precisa seguir seu dever sagrado o tempo todo.
da:445:1	4	Deixar de auxiliar o svadharma de outrem	Este é seu único propósito antes de retornar ao ciclo.
da:445:1	3	Matar um mortal por qualquer motivo que não a sobrevivência	Impedir que outros alcancem seu svadharma é anátema.
da:445:1	2	Tornar-se preso pelo vínculo de sangue	Você não pode destruir seu regente, e isso pode impedi-lo de seguir seu svadharma.
da:445:1	1	Abraçar sem necessidade, por desejo pessoal	Você precisa deixar que os outros sigam seu ciclo, não retirá-los dele.
da:447:1	10	Deixar de punir a corrupção e o pecado	O mal prospera no coração que ninguém desafia.
da:447:1	9	Agir por avareza ou luxúria	A honra precisa ser mais forte que o aço.
da:447:1	8	Dar falso testemunho	Sua espada é a da verdade.
da:447:1	7	Alimentar-se do inocente sem permissão	Como os Curandeiros estão presos, assim estaremos nós.
da:447:1	6	Deixar de defender ou socorrer alguém em necessidade	Um coração morto encontra vida no serviço aos outros.
da:447:1	5	Deixar de defender ou socorrer um Curandeiro em necessidade	A mão direita vermelha defende a esquerda.
da:447:1	4	Deixar sem resposta um desafio digno	Seja como o leão, não como o cordeiro.
da:447:1	3	Deixar de desafiar um vampiro de Caminho baixo	As almas deles põem em risco Cainitas e mortais.
da:447:1	2	Desperdiçar uma oportunidade de vingança	Que a retribuição seja seu orgulho e sua alçada.
da:447:1	1	Auxiliar demônios, Baali, Setitas ou outros males	Não ofereça aos ímpios socorro algum, senão sal e fogo.
da:449:1	10	Deixar de se entregar a atos prazerosos	O caos é o dom de Apep, nossa fonte de força.
da:449:1	9	Adiar a satisfação carnal	Negar os próprios desejos é negar o próprio eu verdadeiro.
da:449:1	8	Recusar a oportunidade de corromper um mortal	A ordem nos impede de ser quem realmente somos.
da:449:1	7	Recusar a oportunidade de corromper um vampiro	Somos os filhos de Apep. O dom dele não pode ser rejeitado.
da:449:1	6	Recusar a oportunidade de corromper uma figura sagrada	A fraqueza precisa ser posta de lado.
da:449:1	5	Deixar de solapar o ambiente mortal vigente	A estagnação promove a fraqueza.
da:449:1	4	Deixar de solapar as estruturas de poder Cainitas	Tempos de conflito nos ajudam a descobrir nossa verdadeira força.
da:449:1	3	Colocar os desejos alheios acima dos seus	A civilização é uma mentira.
da:449:1	2	Punir alguém por comportamento indecente	A liberdade é força.
da:449:1	1	Impor ativamente o império da lei	Ordem e caos são opostos naturais.
da:449:2	10	Buscar a indulgência pessoal acima dos interesses da Trilha	A dissolução é o passatempo dos fracos.
da:449:2	9	Recusar ajuda a outro seguidor da Trilha	Precisamos trabalhar juntos se quisermos eliminar nossos inimigos.
da:449:2	8	Deixar de obter vantagem contra os inimigos do Caminho	Os injustos serão destruídos e os fracos, convertidos.
da:449:2	7	Recusar-se a espalhar o culto a Set	Quem carrega o sangue de Set carrega o dever sagrado de espalhar a palavra dele.
da:449:2	6	Deixar de observar os rituais Setitas	Só por nossa devoção conquistamos o favor de Set.
da:449:2	5	Deixar de semear o caos entre os inimigos do Caminho	Que os ímpios sejam derrubados.
da:449:2	4	Deixar de fazer o que for preciso para converter os devotos de outras fés	Aonde eles forem, outros seguirão.
da:449:2	3	Obstruir os esforços de outro Setita	Todos trabalhamos por um propósito comum.
da:449:2	2	Recusar-se a ajudar na ressurreição de Set	É nosso dever sagrado restaurar o lugar do nosso senhor no mundo.
da:449:2	1	Adorar qualquer deus que não Set	Set é nosso progenitor e protetor. Não há outro deus verdadeiro senão Set.
dac:71:1	10	Ceder a qualquer tentação	A verdadeira katharsis purga todas as paixões.
dac:71:1	9	Passar uma noite sem realizar trabalho criativo algum	Na arte, iluminamos a verdade.
dac:71:1	8	Dar as costas a quem precisa de inspiração	O trabalho de um anjo é guiar os perdidos.
dac:71:1	7	Recusar-se a fazer um sacrifício menor	Despojar-se das coisas terrenas nos aproxima da divindade.
dac:71:1	6	Deixar um companheiro Toreador definhar sem batismo	Somos todos os escolhidos de Michael.
dac:71:1	5	Passar uma semana sem realizar trabalho criativo algum	A arte é como a alma adora.
dac:71:1	4	Ceder às tentações da carne	Na katharsis renunciamos às paixões carnais.
dac:71:1	3	Abandonar alguém sob sua responsabilidade	Precisamos merecer a adoração do rebanho.
dac:71:1	2	Ceder à sua Besta, como no frenesi	A katharsis purga primeiro e acima de tudo nossos impulsos mais baixos.
dac:71:1	1	Recusar-se a fazer um sacrifício maior	Seguimos o exemplo de Michael em tudo.
dac:84:1	10	Temer a Morte Final	O vampiro trilhou o caminho de volta a Ahura Mazda. O Paraíso o espera quando morrer.
dac:84:1	8	Dizer palavras más, falar mal dos outros	As palavras chegam ao ouvido de Ahura Mazda.
dac:84:1	1	Alimentar-se de homens bons	O vampiro escolheu Ahura Mazda e precisa proteger os bons e justos.
dac:84:2	10	Cometer qualquer ato de bondade	O vampiro é servo de Angra Mainyu, aquele que traz o mal.
dac:84:2	2	Alimentar-se de homens maus	O vampiro não deve ferir outros servos de Angra Mainyu.
dac:84:2	1	Temer o frenesi	A Fúria e a Fome são dons de Angra Mainyu, e o vampiro precisa abraçá-las.
lotc:52:1	10	Pensamento mal definido ou ocioso	Só a rigidez de pensamento permite o domínio sobre a Besta.
lotc:52:1	9	Recusar-se a intervir quando outro vampiro corre risco de degeneração	Ao ajudar os outros a controlar seus impulsos, você aprende mais sobre como controlar os seus.
lotc:52:1	8	Agir por impulso	Agir sem pensamento cuidadoso leva à perda de controle.
lotc:52:1	7	Furto, roubo ou vandalismo	Agir contra os outros é o caminho que se afasta da Humanidade.
lotc:52:1	6	Recusar-se a defender um princípio moral por medo ou covardia	É só pela defesa da moral que se pode compreendê-la.
lotc:52:1	5	Causar dano deliberado a um mortal, inclusive alimentação violenta e não consentida	Se você fere o corpo de um mortal, fere também a própria espiritualidade.
lotc:52:1	4	Auxiliar um seguidor de outra Trilha que não respeite a humanidade	Auxiliar quem rejeita a humanidade (e a Humanidade) é tão ruim quanto rejeitá-la você mesmo.
lotc:52:1	3	Sucumbir ao frenesi quando uma conduta sábia poderia tê-lo evitado	Não dê à Besta a chance de florescer.
lotc:52:1	2	Deixar impune qualquer crime violento contra um inocente	Se você permite que outros sejam feridos sem punição, é como se você mesmo tivesse ferido.
lotc:52:1	1	O assassinato de inocentes	Tirar uma vida é a pior perda de controle que se pode cometer.
lotc:71:1	10	Deixar um inocente viver	Uma alma que não se dispõe a tocar o além pela sensação deve ser enviada por via mais direta.
lotc:71:1	9	Não se afundar em decadência absoluta	Sempre, sempre afogue a Besta.
lotc:71:1	8	Recusar-se a quebrar um tabu	Transgredir qualquer fronteira sagrada deteriora o paradigma dos Éons.
lotc:71:1	7	Deixar viver, sem bom motivo, um infector de impureza (padre, freira etc.)	A menos que possam ser comprometidos, os hipócritas continuarão servindo ao propósito dos Éons.
lotc:71:1	6	Deixar de criar um momento belo	Num mundo sufocado de niilismo, é pecado não abrir uma janela para o divino quando a inspiração chega.
lotc:71:1	5	Não tentar corromper um inocente	Liberte a ovelha acorrentada quando puder.
lotc:71:1	4	Não usar ao menos uma droga regularmente	Uma mente maleável está mais aberta ao supremo.
lotc:71:1	3	Conter seus impulsos naturais sem necessidade	A compulsão da repressão é um artefato inútil, implantado pelos Éons, e precisa ser extirpada.
lotc:71:1	2	Recusar-se a subverter as correntes dos Éons	Sem nosso propósito glorioso, não passamos de hedonistas reles.
lotc:71:1	1	Destruir algo de beleza, mesmo um inocente	Recusamo-nos a tornar o mundo menos interessante.
lotc:73:1	10	Não se submeter às torturas mais dolorosas	Sua carne precisa ser purificada para seu propósito sagrado.
lotc:73:1	9	Falhar em qualquer prova posta diante de você, física ou mental	O fracasso é indigno do Deus Sombrio.
lotc:73:1	8	Não desenvolver seu corpo até o máximo do potencial	Você é uma arma empunhada por Set, e precisa estar afiado.
lotc:73:1	7	Gastar pontos de sangue para curar ferimentos na mesma noite em que os sofreu	A dor é uma mestra. Não fuja das suas lições.
lotc:73:1	6	Não desenvolver suas Disciplinas até o máximo do potencial	A divindade é desperdiçada em quem não destrava seus dons.
lotc:73:1	5	Matar de forma rápida e misericordiosa	Um inimigo agonizante precisa conhecer o desespero para que Set ouça sua oferenda.
lotc:73:1	4	Demonstrar qualquer sinal de dor	Sua dor pertence a você e a mais ninguém a quem você não a dê.
lotc:73:1	3	Sucumbir ao frenesi ou ao Rötschreck	Se você tem todo o poder do mundo e a Besta o controla, você não tem nada.
lotc:73:1	2	Pensar demais antes de agir	A hesitação é falha mortal e indigna de você.
lotc:73:1	1	Recusar-se a ajudar na ressurreição de Set	A batalha final não pode começar até que o Deus da Tempestade e do Céu retorne.
